time_s,phase,fingertip,contact_active,contact_object,normal_force_proxy,shear_slip_proxy_mm,friction_margin,contact_confidence,pressure_target_n,role
0.01,RESET,thumb_tip,false,,0.0,0.0,0.0,0.0,0.0,opposition_display
0.01,RESET,index_tip,false,,0.0,0.0,0.0,0.0,0.0,open_display
0.01,RESET,middle_tip,false,,0.0,0.0,0.0,0.0,0.0,open_display
0.01,RESET,ring_tip,false,,0.0,0.0,0.0,0.0,0.0,open_display
0.01,RESET,little_tip,false,,0.0,0.0,0.0,0.0,0.0,open_display
0.06,RESET,thumb_tip,false,,0.0,0.0,0.0,0.0,0.0,opposition_display
0.06,RESET,index_tip,false,,0.0,0.0,0.0,0.0,0.0,open_display
0.06,RESET,middle_tip,false,,0.0,0.0,0.0,0.0,0.0,open_display
0.06,RESET,ring_tip,false,,0.0,0.0,0.0,0.0,0.0,open_display
0.06,RESET,little_tip,false,,0.0,0.0,0.0,0.0,0.0,open_display
0.11,SHOW_HAND_OPEN_CLOSE,thumb_tip,false,,0.0,0.0,0.0,0.0,0.0,opposition_display
0.11,SHOW_HAND_OPEN_CLOSE,index_tip,false,,0.0,0.0,0.0,0.0,0.0,open_display
0.11,SHOW_HAND_OPEN_CLOSE,middle_tip,false,,0.0,0.0,0.0,0.0,0.0,open_display
0.11,SHOW_HAND_OPEN_CLOSE,ring_tip,false,,0.0,0.0,0.0,0.0,0.0,open_display
0.11,SHOW_HAND_OPEN_CLOSE,little_tip,false,,0.0,0.0,0.0,0.0,0.0,open_display
0.16,SHOW_HAND_OPEN_CLOSE,thumb_tip,false,,0.0,0.0,0.0,0.0,0.0,opposition_display
0.16,SHOW_HAND_OPEN_CLOSE,index_tip,false,,0.0,0.0,0.0,0.0,0.0,open_display
0.16,SHOW_HAND_OPEN_CLOSE,middle_tip,false,,0.0,0.0,0.0,0.0,0.0,open_display
0.16,SHOW_HAND_OPEN_CLOSE,ring_tip,false,,0.0,0.0,0.0,0.0,0.0,open_display
0.16,SHOW_HAND_OPEN_CLOSE,little_tip,false,,0.0,0.0,0.0,0.0,0.0,open_display
0.21,SHOW_HAND_OPEN_CLOSE,thumb_tip,false,,0.0,0.0,0.0,0.0,0.0,opposition_display
0.21,SHOW_HAND_OPEN_CLOSE,index_tip,false,,0.0,0.0,0.0,0.0,0.0,open_display
0.21,SHOW_HAND_OPEN_CLOSE,middle_tip,false,,0.0,0.0,0.0,0.0,0.0,open_display
0.21,SHOW_HAND_OPEN_CLOSE,ring_tip,false,,0.0,0.0,0.0,0.0,0.0,open_display
0.21,SHOW_HAND_OPEN_CLOSE,little_tip,false,,0.0,0.0,0.0,0.0,0.0,open_display
0.26,SHOW_HAND_OPEN_CLOSE,thumb_tip,false,,0.0,0.0,0.0,0.0,0.0,opposition_display
0.26,SHOW_HAND_OPEN_CLOSE,index_tip,false,,0.0,0.0,0.0,0.0,0.0,open_display
0.26,SHOW_HAND_OPEN_CLOSE,middle_tip,false,,0.0,0.0,0.0,0.0,0.0,open_display
0.26,SHOW_HAND_OPEN_CLOSE,ring_tip,false,,0.0,0.0,0.0,0.0,0.0,open_display
0.26,SHOW_HAND_OPEN_CLOSE,little_tip,false,,0.0,0.0,0.0,0.0,0.0,open_display
0.31,SHOW_FINGER_SPREAD,thumb_tip,true,,2.208,0.0,1.0,0.98,2.4,opposition_display
0.31,SHOW_FINGER_SPREAD,index_tip,true,,2.28,0.0,1.0,0.98,2.4,open_display
0.31,SHOW_FINGER_SPREAD,middle_tip,true,,2.352,0.0,1.0,0.98,2.4,open_display
0.31,SHOW_FINGER_SPREAD,ring_tip,true,,2.424,0.0,1.0,0.98,2.4,open_display
0.31,SHOW_FINGER_SPREAD,little_tip,true,,2.496,0.0,1.0,0.98,2.4,open_display
0.36,SHOW_FINGER_SPREAD,thumb_tip,true,,2.208,0.0,1.0,0.98,2.4,opposition_display
0.36,SHOW_FINGER_SPREAD,index_tip,true,,2.28,0.0,1.0,0.98,2.4,open_display
0.36,SHOW_FINGER_SPREAD,middle_tip,true,,2.352,0.0,1.0,0.98,2.4,open_display
0.36,SHOW_FINGER_SPREAD,ring_tip,true,,2.424,0.0,1.0,0.98,2.4,open_display
0.36,SHOW_FINGER_SPREAD,little_tip,true,,2.496,0.0,1.0,0.98,2.4,open_display
0.41,SHOW_FINGER_SPREAD,thumb_tip,true,,2.208,0.0,1.0,0.98,2.4,opposition_display
0.41,SHOW_FINGER_SPREAD,index_tip,true,,2.28,0.0,1.0,0.98,2.4,open_display
0.41,SHOW_FINGER_SPREAD,middle_tip,true,,2.352,0.0,1.0,0.98,2.4,open_display
0.41,SHOW_FINGER_SPREAD,ring_tip,true,,2.424,0.0,1.0,0.98,2.4,open_display
0.41,SHOW_FINGER_SPREAD,little_tip,true,,2.496,0.0,1.0,0.98,2.4,open_display
0.46,SHOW_THUMB_OPPOSITION,thumb_tip,true,,0.736,0.0,1.0,0.56,0.8,opposition_display
0.46,SHOW_THUMB_OPPOSITION,index_tip,false,,0.0,0.0,0.0,0.0,0.0,open_display
0.46,SHOW_THUMB_OPPOSITION,middle_tip,false,,0.0,0.0,0.0,0.0,0.0,open_display
0.46,SHOW_THUMB_OPPOSITION,ring_tip,false,,0.0,0.0,0.0,0.0,0.0,open_display
0.46,SHOW_THUMB_OPPOSITION,little_tip,false,,0.0,0.0,0.0,0.0,0.0,open_display
0.51,SHOW_THUMB_OPPOSITION,thumb_tip,true,,0.736,0.0,1.0,0.56,0.8,opposition_display
0.51,SHOW_THUMB_OPPOSITION,index_tip,false,,0.0,0.0,0.0,0.0,0.0,open_display
0.51,SHOW_THUMB_OPPOSITION,middle_tip,false,,0.0,0.0,0.0,0.0,0.0,open_display
0.51,SHOW_THUMB_OPPOSITION,ring_tip,false,,0.0,0.0,0.0,0.0,0.0,open_display
0.51,SHOW_THUMB_OPPOSITION,little_tip,false,,0.0,0.0,0.0,0.0,0.0,open_display
0.56,SHOW_THUMB_OPPOSITION,thumb_tip,true,,0.736,0.0,1.0,0.56,0.8,opposition_display
0.56,SHOW_THUMB_OPPOSITION,index_tip,false,,0.0,0.0,0.0,0.0,0.0,open_display
0.56,SHOW_THUMB_OPPOSITION,middle_tip,false,,0.0,0.0,0.0,0.0,0.0,open_display
0.56,SHOW_THUMB_OPPOSITION,ring_tip,false,,0.0,0.0,0.0,0.0,0.0,open_display
0.56,SHOW_THUMB_OPPOSITION,little_tip,false,,0.0,0.0,0.0,0.0,0.0,open_display
0.61,SHOW_THUMB_OPPOSITION,thumb_tip,true,,0.736,0.0,1.0,0.56,0.8,opposition_display
0.61,SHOW_THUMB_OPPOSITION,index_tip,false,,0.0,0.0,0.0,0.0,0.0,open_display
0.61,SHOW_THUMB_OPPOSITION,middle_tip,false,,0.0,0.0,0.0,0.0,0.0,open_display
0.61,SHOW_THUMB_OPPOSITION,ring_tip,false,,0.0,0.0,0.0,0.0,0.0,open_display
0.61,SHOW_THUMB_OPPOSITION,little_tip,false,,0.0,0.0,0.0,0.0,0.0,open_display
0.66,SHOW_INDEX_MIDDLE_CURL,thumb_tip,true,,2.208,0.0,1.0,0.78,2.4,opposition_display
0.66,SHOW_INDEX_MIDDLE_CURL,index_tip,true,,2.28,0.0,1.0,0.78,2.4,open_display
0.66,SHOW_INDEX_MIDDLE_CURL,middle_tip,true,,2.352,0.0,1.0,0.78,2.4,open_display
0.66,SHOW_INDEX_MIDDLE_CURL,ring_tip,false,,0.0,0.0,0.0,0.0,0.0,open_display
0.66,SHOW_INDEX_MIDDLE_CURL,little_tip,false,,0.0,0.0,0.0,0.0,0.0,open_display
0.71,SHOW_INDEX_MIDDLE_CURL,thumb_tip,true,,2.208,0.0,1.0,0.78,2.4,opposition_display
0.71,SHOW_INDEX_MIDDLE_CURL,index_tip,true,,2.28,0.0,1.0,0.78,2.4,open_display
0.71,SHOW_INDEX_MIDDLE_CURL,middle_tip,true,,2.352,0.0,1.0,0.78,2.4,open_display
0.71,SHOW_INDEX_MIDDLE_CURL,ring_tip,false,,0.0,0.0,0.0,0.0,0.0,open_display
0.71,SHOW_INDEX_MIDDLE_CURL,little_tip,false,,0.0,0.0,0.0,0.0,0.0,open_display
0.76,SHOW_INDEX_MIDDLE_CURL,thumb_tip,true,,2.208,0.0,1.0,0.78,2.4,opposition_display
0.76,SHOW_INDEX_MIDDLE_CURL,index_tip,true,,2.28,0.0,1.0,0.78,2.4,open_display
0.76,SHOW_INDEX_MIDDLE_CURL,middle_tip,true,,2.352,0.0,1.0,0.78,2.4,open_display
0.76,SHOW_INDEX_MIDDLE_CURL,ring_tip,false,,0.0,0.0,0.0,0.0,0.0,open_display
0.76,SHOW_INDEX_MIDDLE_CURL,little_tip,false,,0.0,0.0,0.0,0.0,0.0,open_display
0.81,SHOW_RING_LITTLE_SUPPORT,thumb_tip,true,,2.208,0.0,1.0,0.98,2.4,opposition_display
0.81,SHOW_RING_LITTLE_SUPPORT,index_tip,true,,2.28,0.0,1.0,0.98,2.4,open_display
0.81,SHOW_RING_LITTLE_SUPPORT,middle_tip,true,,2.352,0.0,1.0,0.98,2.4,open_display
0.81,SHOW_RING_LITTLE_SUPPORT,ring_tip,true,,2.424,0.0,1.0,0.98,2.4,open_display
0.81,SHOW_RING_LITTLE_SUPPORT,little_tip,true,,2.496,0.0,1.0,0.98,2.4,open_display
0.86,SHOW_RING_LITTLE_SUPPORT,thumb_tip,true,,2.208,0.0,1.0,0.98,2.4,opposition_display
0.86,SHOW_RING_LITTLE_SUPPORT,index_tip,true,,2.28,0.0,1.0,0.98,2.4,open_display
0.86,SHOW_RING_LITTLE_SUPPORT,middle_tip,true,,2.352,0.0,1.0,0.98,2.4,open_display
0.86,SHOW_RING_LITTLE_SUPPORT,ring_tip,true,,2.424,0.0,1.0,0.98,2.4,open_display
0.86,SHOW_RING_LITTLE_SUPPORT,little_tip,true,,2.496,0.0,1.0,0.98,2.4,open_display
0.91,SHOW_RING_LITTLE_SUPPORT,thumb_tip,true,,2.208,0.0,1.0,0.98,2.4,opposition_display
0.91,SHOW_RING_LITTLE_SUPPORT,index_tip,true,,2.28,0.0,1.0,0.98,2.4,open_display
0.91,SHOW_RING_LITTLE_SUPPORT,middle_tip,true,,2.352,0.0,1.0,0.98,2.4,open_display
0.91,SHOW_RING_LITTLE_SUPPORT,ring_tip,true,,2.424,0.0,1.0,0.98,2.4,open_display
0.91,SHOW_RING_LITTLE_SUPPORT,little_tip,true,,2.496,0.0,1.0,0.98,2.4,open_display
0.96,SHOW_HAND_OPEN_CLOSE,thumb_tip,false,,0.0,0.0,0.0,0.0,0.0,opposition_display
0.96,SHOW_HAND_OPEN_CLOSE,index_tip,false,,0.0,0.0,0.0,0.0,0.0,open_display
0.96,SHOW_HAND_OPEN_CLOSE,middle_tip,false,,0.0,0.0,0.0,0.0,0.0,open_display
0.96,SHOW_HAND_OPEN_CLOSE,ring_tip,false,,0.0,0.0,0.0,0.0,0.0,open_display
0.96,SHOW_HAND_OPEN_CLOSE,little_tip,false,,0.0,0.0,0.0,0.0,0.0,open_display
1.01,SHOW_HAND_OPEN_CLOSE,thumb_tip,false,,0.0,0.0,0.0,0.0,0.0,opposition_display
1.01,SHOW_HAND_OPEN_CLOSE,index_tip,false,,0.0,0.0,0.0,0.0,0.0,open_display
1.01,SHOW_HAND_OPEN_CLOSE,middle_tip,false,,0.0,0.0,0.0,0.0,0.0,open_display
1.01,SHOW_HAND_OPEN_CLOSE,ring_tip,false,,0.0,0.0,0.0,0.0,0.0,open_display
1.01,SHOW_HAND_OPEN_CLOSE,little_tip,false,,0.0,0.0,0.0,0.0,0.0,open_display
1.06,SHOW_HAND_OPEN_CLOSE,thumb_tip,false,,0.0,0.0,0.0,0.0,0.0,opposition_display
1.06,SHOW_HAND_OPEN_CLOSE,index_tip,false,,0.0,0.0,0.0,0.0,0.0,open_display
1.06,SHOW_HAND_OPEN_CLOSE,middle_tip,false,,0.0,0.0,0.0,0.0,0.0,open_display
1.06,SHOW_HAND_OPEN_CLOSE,ring_tip,false,,0.0,0.0,0.0,0.0,0.0,open_display
1.06,SHOW_HAND_OPEN_CLOSE,little_tip,false,,0.0,0.0,0.0,0.0,0.0,open_display
1.11,HAND_PRESHAPE,thumb_tip,false,sphere_object,0.0,0.0,0.0,0.0,0.0,primary_opposition
1.11,HAND_PRESHAPE,index_tip,false,sphere_object,0.0,0.0,0.0,0.0,0.0,upper_support
1.11,HAND_PRESHAPE,middle_tip,false,sphere_object,0.0,0.0,0.0,0.0,0.0,opposing_support
1.11,HAND_PRESHAPE,ring_tip,false,sphere_object,0.0,0.0,0.0,0.0,0.0,lower_support
1.11,HAND_PRESHAPE,little_tip,false,sphere_object,0.0,0.0,0.0,0.0,0.0,stabilizer
1.16,HAND_PRESHAPE,thumb_tip,false,sphere_object,0.0,0.0,0.0,0.0,0.0,primary_opposition
1.16,HAND_PRESHAPE,index_tip,false,sphere_object,0.0,0.0,0.0,0.0,0.0,upper_support
1.16,HAND_PRESHAPE,middle_tip,false,sphere_object,0.0,0.0,0.0,0.0,0.0,opposing_support
1.16,HAND_PRESHAPE,ring_tip,false,sphere_object,0.0,0.0,0.0,0.0,0.0,lower_support
1.16,HAND_PRESHAPE,little_tip,false,sphere_object,0.0,0.0,0.0,0.0,0.0,stabilizer
1.21,HAND_PRESHAPE,thumb_tip,false,sphere_object,0.0,0.0,0.0,0.0,0.0,primary_opposition
1.21,HAND_PRESHAPE,index_tip,false,sphere_object,0.0,0.0,0.0,0.0,0.0,upper_support
1.21,HAND_PRESHAPE,middle_tip,false,sphere_object,0.0,0.0,0.0,0.0,0.0,opposing_support
1.21,HAND_PRESHAPE,ring_tip,false,sphere_object,0.0,0.0,0.0,0.0,0.0,lower_support
1.21,HAND_PRESHAPE,little_tip,false,sphere_object,0.0,0.0,0.0,0.0,0.0,stabilizer
1.26,HAND_PRESHAPE,thumb_tip,false,sphere_object,0.0,0.0,0.0,0.0,0.0,primary_opposition
1.26,HAND_PRESHAPE,index_tip,false,sphere_object,0.0,0.0,0.0,0.0,0.0,upper_support
1.26,HAND_PRESHAPE,middle_tip,false,sphere_object,0.0,0.0,0.0,0.0,0.0,opposing_support
1.26,HAND_PRESHAPE,ring_tip,false,sphere_object,0.0,0.0,0.0,0.0,0.0,lower_support
1.26,HAND_PRESHAPE,little_tip,false,sphere_object,0.0,0.0,0.0,0.0,0.0,stabilizer
1.31,APPROACH_OBJECT,thumb_tip,false,sphere_object,0.0,0.0,0.0,0.0,0.0,primary_opposition
1.31,APPROACH_OBJECT,index_tip,false,sphere_object,0.0,0.0,0.0,0.0,0.0,upper_support
1.31,APPROACH_OBJECT,middle_tip,false,sphere_object,0.0,0.0,0.0,0.0,0.0,opposing_support
1.31,APPROACH_OBJECT,ring_tip,false,sphere_object,0.0,0.0,0.0,0.0,0.0,lower_support
1.31,APPROACH_OBJECT,little_tip,false,sphere_object,0.0,0.0,0.0,0.0,0.0,stabilizer
1.36,APPROACH_OBJECT,thumb_tip,false,sphere_object,0.0,0.0,0.0,0.0,0.0,primary_opposition
1.36,APPROACH_OBJECT,index_tip,false,sphere_object,0.0,0.0,0.0,0.0,0.0,upper_support
1.36,APPROACH_OBJECT,middle_tip,false,sphere_object,0.0,0.0,0.0,0.0,0.0,opposing_support
1.36,APPROACH_OBJECT,ring_tip,false,sphere_object,0.0,0.0,0.0,0.0,0.0,lower_support
1.36,APPROACH_OBJECT,little_tip,false,sphere_object,0.0,0.0,0.0,0.0,0.0,stabilizer
1.41,APPROACH_OBJECT,thumb_tip,false,sphere_object,0.0,0.0,0.0,0.0,0.0,primary_opposition
1.41,APPROACH_OBJECT,index_tip,false,sphere_object,0.0,0.0,0.0,0.0,0.0,upper_support
1.41,APPROACH_OBJECT,middle_tip,false,sphere_object,0.0,0.0,0.0,0.0,0.0,opposing_support
1.41,APPROACH_OBJECT,ring_tip,false,sphere_object,0.0,0.0,0.0,0.0,0.0,lower_support
1.41,APPROACH_OBJECT,little_tip,false,sphere_object,0.0,0.0,0.0,0.0,0.0,stabilizer
1.46,APPROACH_OBJECT,thumb_tip,false,sphere_object,0.0,0.0,0.0,0.0,0.0,primary_opposition
1.46,APPROACH_OBJECT,index_tip,false,sphere_object,0.0,0.0,0.0,0.0,0.0,upper_support
1.46,APPROACH_OBJECT,middle_tip,false,sphere_object,0.0,0.0,0.0,0.0,0.0,opposing_support
1.46,APPROACH_OBJECT,ring_tip,false,sphere_object,0.0,0.0,0.0,0.0,0.0,lower_support
1.46,APPROACH_OBJECT,little_tip,false,sphere_object,0.0,0.0,0.0,0.0,0.0,stabilizer
1.51,ALIGN_TO_OBJECT,thumb_tip,false,sphere_object,0.0,0.0,0.0,0.0,0.0,primary_opposition
1.51,ALIGN_TO_OBJECT,index_tip,false,sphere_object,0.0,0.0,0.0,0.0,0.0,upper_support
1.51,ALIGN_TO_OBJECT,middle_tip,false,sphere_object,0.0,0.0,0.0,0.0,0.0,opposing_support
1.51,ALIGN_TO_OBJECT,ring_tip,false,sphere_object,0.0,0.0,0.0,0.0,0.0,lower_support
1.51,ALIGN_TO_OBJECT,little_tip,false,sphere_object,0.0,0.0,0.0,0.0,0.0,stabilizer
1.56,ALIGN_TO_OBJECT,thumb_tip,false,sphere_object,0.0,0.0,0.0,0.0,0.0,primary_opposition
1.56,ALIGN_TO_OBJECT,index_tip,false,sphere_object,0.0,0.0,0.0,0.0,0.0,upper_support
1.56,ALIGN_TO_OBJECT,middle_tip,false,sphere_object,0.0,0.0,0.0,0.0,0.0,opposing_support
1.56,ALIGN_TO_OBJECT,ring_tip,false,sphere_object,0.0,0.0,0.0,0.0,0.0,lower_support
1.56,ALIGN_TO_OBJECT,little_tip,false,sphere_object,0.0,0.0,0.0,0.0,0.0,stabilizer
1.61,ALIGN_TO_OBJECT,thumb_tip,false,sphere_object,0.0,0.0,0.0,0.0,0.0,primary_opposition
1.61,ALIGN_TO_OBJECT,index_tip,false,sphere_object,0.0,0.0,0.0,0.0,0.0,upper_support
1.61,ALIGN_TO_OBJECT,middle_tip,false,sphere_object,0.0,0.0,0.0,0.0,0.0,opposing_support
1.61,ALIGN_TO_OBJECT,ring_tip,false,sphere_object,0.0,0.0,0.0,0.0,0.0,lower_support
1.61,ALIGN_TO_OBJECT,little_tip,false,sphere_object,0.0,0.0,0.0,0.0,0.0,stabilizer
1.66,PAUSE_BEFORE_CLOSE,thumb_tip,false,sphere_object,0.0,0.0,0.0,0.0,0.0,primary_opposition
1.66,PAUSE_BEFORE_CLOSE,index_tip,false,sphere_object,0.0,0.0,0.0,0.0,0.0,upper_support
1.66,PAUSE_BEFORE_CLOSE,middle_tip,false,sphere_object,0.0,0.0,0.0,0.0,0.0,opposing_support
1.66,PAUSE_BEFORE_CLOSE,ring_tip,false,sphere_object,0.0,0.0,0.0,0.0,0.0,lower_support
1.66,PAUSE_BEFORE_CLOSE,little_tip,false,sphere_object,0.0,0.0,0.0,0.0,0.0,stabilizer
1.71,PAUSE_BEFORE_CLOSE,thumb_tip,false,sphere_object,0.0,0.0,0.0,0.0,0.0,primary_opposition
1.71,PAUSE_BEFORE_CLOSE,index_tip,false,sphere_object,0.0,0.0,0.0,0.0,0.0,upper_support
1.71,PAUSE_BEFORE_CLOSE,middle_tip,false,sphere_object,0.0,0.0,0.0,0.0,0.0,opposing_support
1.71,PAUSE_BEFORE_CLOSE,ring_tip,false,sphere_object,0.0,0.0,0.0,0.0,0.0,lower_support
1.71,PAUSE_BEFORE_CLOSE,little_tip,false,sphere_object,0.0,0.0,0.0,0.0,0.0,stabilizer
1.76,FINGER_CONTACT_CLOSE_INDEX_MIDDLE,thumb_tip,false,sphere_object,0.0,0.0,0.0,0.0,0.0,primary_opposition
1.76,FINGER_CONTACT_CLOSE_INDEX_MIDDLE,index_tip,true,sphere_object,0.76,0.0,1.0,0.67,0.8,upper_support
1.76,FINGER_CONTACT_CLOSE_INDEX_MIDDLE,middle_tip,true,sphere_object,0.784,0.0,1.0,0.67,0.8,opposing_support
1.76,FINGER_CONTACT_CLOSE_INDEX_MIDDLE,ring_tip,false,sphere_object,0.0,0.0,0.0,0.0,0.0,lower_support
1.76,FINGER_CONTACT_CLOSE_INDEX_MIDDLE,little_tip,false,sphere_object,0.0,0.0,0.0,0.0,0.0,stabilizer
1.81,FINGER_CONTACT_CLOSE_INDEX_MIDDLE,thumb_tip,false,sphere_object,0.0,0.0,0.0,0.0,0.0,primary_opposition
1.81,FINGER_CONTACT_CLOSE_INDEX_MIDDLE,index_tip,true,sphere_object,0.76,0.0,1.0,0.67,0.8,upper_support
1.81,FINGER_CONTACT_CLOSE_INDEX_MIDDLE,middle_tip,true,sphere_object,0.784,0.0,1.0,0.67,0.8,opposing_support
1.81,FINGER_CONTACT_CLOSE_INDEX_MIDDLE,ring_tip,false,sphere_object,0.0,0.0,0.0,0.0,0.0,lower_support
1.81,FINGER_CONTACT_CLOSE_INDEX_MIDDLE,little_tip,false,sphere_object,0.0,0.0,0.0,0.0,0.0,stabilizer
1.86,FINGER_CONTACT_CLOSE_LOWER_SUPPORT,thumb_tip,false,sphere_object,0.0,0.0,0.0,0.0,0.0,primary_opposition
1.86,FINGER_CONTACT_CLOSE_LOWER_SUPPORT,index_tip,true,sphere_object,2.28,0.0,1.0,0.89,2.4,upper_support
1.86,FINGER_CONTACT_CLOSE_LOWER_SUPPORT,middle_tip,true,sphere_object,2.352,0.0,1.0,0.89,2.4,opposing_support
1.86,FINGER_CONTACT_CLOSE_LOWER_SUPPORT,ring_tip,true,sphere_object,2.424,0.0,1.0,0.89,2.4,lower_support
1.86,FINGER_CONTACT_CLOSE_LOWER_SUPPORT,little_tip,true,sphere_object,2.496,0.0,1.0,0.89,2.4,stabilizer
1.91,FINGER_CONTACT_CLOSE_LOWER_SUPPORT,thumb_tip,false,sphere_object,0.0,0.0,0.0,0.0,0.0,primary_opposition
1.91,FINGER_CONTACT_CLOSE_LOWER_SUPPORT,index_tip,true,sphere_object,2.28,0.0,1.0,0.89,2.4,upper_support
1.91,FINGER_CONTACT_CLOSE_LOWER_SUPPORT,middle_tip,true,sphere_object,2.352,0.0,1.0,0.89,2.4,opposing_support
1.91,FINGER_CONTACT_CLOSE_LOWER_SUPPORT,ring_tip,true,sphere_object,2.424,0.0,1.0,0.89,2.4,lower_support
1.91,FINGER_CONTACT_CLOSE_LOWER_SUPPORT,little_tip,true,sphere_object,2.496,0.0,1.0,0.89,2.4,stabilizer
1.96,FINGER_CONTACT_CLOSE_LOWER_SUPPORT,thumb_tip,false,sphere_object,0.0,0.0,0.0,0.0,0.0,primary_opposition
1.96,FINGER_CONTACT_CLOSE_LOWER_SUPPORT,index_tip,true,sphere_object,2.28,0.0,1.0,0.89,2.4,upper_support
1.96,FINGER_CONTACT_CLOSE_LOWER_SUPPORT,middle_tip,true,sphere_object,2.352,0.0,1.0,0.89,2.4,opposing_support
1.96,FINGER_CONTACT_CLOSE_LOWER_SUPPORT,ring_tip,true,sphere_object,2.424,0.0,1.0,0.89,2.4,lower_support
1.96,FINGER_CONTACT_CLOSE_LOWER_SUPPORT,little_tip,true,sphere_object,2.496,0.0,1.0,0.89,2.4,stabilizer
2.01,FINGER_CONTACT_CLOSE_THUMB_OPPOSE,thumb_tip,true,sphere_object,2.208,0.0,1.0,0.98,2.4,primary_opposition
2.01,FINGER_CONTACT_CLOSE_THUMB_OPPOSE,index_tip,true,sphere_object,2.28,0.0,1.0,0.98,2.4,upper_support
2.01,FINGER_CONTACT_CLOSE_THUMB_OPPOSE,middle_tip,true,sphere_object,2.352,0.0,1.0,0.98,2.4,opposing_support
2.01,FINGER_CONTACT_CLOSE_THUMB_OPPOSE,ring_tip,true,sphere_object,2.424,0.0,1.0,0.98,2.4,lower_support
2.01,FINGER_CONTACT_CLOSE_THUMB_OPPOSE,little_tip,true,sphere_object,2.496,0.0,1.0,0.98,2.4,stabilizer
2.06,FINGER_CONTACT_CLOSE_THUMB_OPPOSE,thumb_tip,true,sphere_object,2.208,0.0,1.0,0.98,2.4,primary_opposition
2.06,FINGER_CONTACT_CLOSE_THUMB_OPPOSE,index_tip,true,sphere_object,2.28,0.0,1.0,0.98,2.4,upper_support
2.06,FINGER_CONTACT_CLOSE_THUMB_OPPOSE,middle_tip,true,sphere_object,2.352,0.0,1.0,0.98,2.4,opposing_support
2.06,FINGER_CONTACT_CLOSE_THUMB_OPPOSE,ring_tip,true,sphere_object,2.424,0.0,1.0,0.98,2.4,lower_support
2.06,FINGER_CONTACT_CLOSE_THUMB_OPPOSE,little_tip,true,sphere_object,2.496,0.0,1.0,0.98,2.4,stabilizer
2.11,CONTACT_ESTIMATION,thumb_tip,true,sphere_object,2.208,0.0,1.0,0.98,2.4,primary_opposition
2.11,CONTACT_ESTIMATION,index_tip,true,sphere_object,2.28,0.0,1.0,0.98,2.4,upper_support
2.11,CONTACT_ESTIMATION,middle_tip,true,sphere_object,2.352,0.0,1.0,0.98,2.4,opposing_support
2.11,CONTACT_ESTIMATION,ring_tip,true,sphere_object,2.424,0.0,1.0,0.98,2.4,lower_support
2.11,CONTACT_ESTIMATION,little_tip,true,sphere_object,2.496,0.0,1.0,0.98,2.4,stabilizer
2.16,CONTACT_ESTIMATION,thumb_tip,true,sphere_object,2.208,0.0,1.0,0.98,2.4,primary_opposition
2.16,CONTACT_ESTIMATION,index_tip,true,sphere_object,2.28,0.0,1.0,0.98,2.4,upper_support
2.16,CONTACT_ESTIMATION,middle_tip,true,sphere_object,2.352,0.0,1.0,0.98,2.4,opposing_support
2.16,CONTACT_ESTIMATION,ring_tip,true,sphere_object,2.424,0.0,1.0,0.98,2.4,lower_support
2.16,CONTACT_ESTIMATION,little_tip,true,sphere_object,2.496,0.0,1.0,0.98,2.4,stabilizer
2.21,STABLE_GRASP_VERIFY,thumb_tip,true,sphere_object,2.208,0.0,1.0,0.98,2.4,primary_opposition
2.21,STABLE_GRASP_VERIFY,index_tip,true,sphere_object,2.28,0.0,1.0,0.98,2.4,upper_support
2.21,STABLE_GRASP_VERIFY,middle_tip,true,sphere_object,2.352,0.0,1.0,0.98,2.4,opposing_support
2.21,STABLE_GRASP_VERIFY,ring_tip,true,sphere_object,2.424,0.0,1.0,0.98,2.4,lower_support
2.21,STABLE_GRASP_VERIFY,little_tip,true,sphere_object,2.496,0.0,1.0,0.98,2.4,stabilizer
2.26,STABLE_GRASP_VERIFY,thumb_tip,true,sphere_object,2.208,0.0,1.0,0.98,2.4,primary_opposition
2.26,STABLE_GRASP_VERIFY,index_tip,true,sphere_object,2.28,0.0,1.0,0.98,2.4,upper_support
2.26,STABLE_GRASP_VERIFY,middle_tip,true,sphere_object,2.352,0.0,1.0,0.98,2.4,opposing_support
2.26,STABLE_GRASP_VERIFY,ring_tip,true,sphere_object,2.424,0.0,1.0,0.98,2.4,lower_support
2.26,STABLE_GRASP_VERIFY,little_tip,true,sphere_object,2.496,0.0,1.0,0.98,2.4,stabilizer
2.31,SECURE_OBJECT,thumb_tip,true,sphere_object,2.208,2.64583,0.0,0.98,2.4,primary_opposition
2.31,SECURE_OBJECT,index_tip,true,sphere_object,2.28,2.88636,0.0,0.98,2.4,upper_support
2.31,SECURE_OBJECT,middle_tip,true,sphere_object,2.352,3.12689,0.0,0.98,2.4,opposing_support
2.31,SECURE_OBJECT,ring_tip,true,sphere_object,2.424,3.36742,0.0,0.98,2.4,lower_support
2.31,SECURE_OBJECT,little_tip,true,sphere_object,2.496,3.60795,0.0,0.98,2.4,stabilizer
2.36,SECURE_OBJECT,thumb_tip,true,sphere_object,2.208,2.64583,0.0,0.98,2.4,primary_opposition
2.36,SECURE_OBJECT,index_tip,true,sphere_object,2.28,2.88636,0.0,0.98,2.4,upper_support
2.36,SECURE_OBJECT,middle_tip,true,sphere_object,2.352,3.12689,0.0,0.98,2.4,opposing_support
2.36,SECURE_OBJECT,ring_tip,true,sphere_object,2.424,3.36742,0.0,0.98,2.4,lower_support
2.36,SECURE_OBJECT,little_tip,true,sphere_object,2.496,3.60795,0.0,0.98,2.4,stabilizer
2.37,HOLD_STABLE,thumb_tip,true,sphere_object,2.208,2.64583,0.0,0.98,2.4,primary_opposition
2.37,HOLD_STABLE,index_tip,true,sphere_object,2.28,2.88636,0.0,0.98,2.4,upper_support
2.37,HOLD_STABLE,middle_tip,true,sphere_object,2.352,3.12689,0.0,0.98,2.4,opposing_support
2.37,HOLD_STABLE,ring_tip,true,sphere_object,2.424,3.36742,0.0,0.98,2.4,lower_support
2.37,HOLD_STABLE,little_tip,true,sphere_object,2.496,3.60795,0.0,0.98,2.4,stabilizer
2.38,HOLD_STABLE,thumb_tip,true,sphere_object,2.208,2.64583,0.0,0.98,2.4,primary_opposition
2.38,HOLD_STABLE,index_tip,true,sphere_object,2.28,2.88636,0.0,0.98,2.4,upper_support
2.38,HOLD_STABLE,middle_tip,true,sphere_object,2.352,3.12689,0.0,0.98,2.4,opposing_support
2.38,HOLD_STABLE,ring_tip,true,sphere_object,2.424,3.36742,0.0,0.98,2.4,lower_support
2.38,HOLD_STABLE,little_tip,true,sphere_object,2.496,3.60795,0.0,0.98,2.4,stabilizer
2.39,HOLD_STABLE,thumb_tip,true,sphere_object,2.208,2.64583,0.0,0.98,2.4,primary_opposition
2.39,HOLD_STABLE,index_tip,true,sphere_object,2.28,2.88636,0.0,0.98,2.4,upper_support
2.39,HOLD_STABLE,middle_tip,true,sphere_object,2.352,3.12689,0.0,0.98,2.4,opposing_support
2.39,HOLD_STABLE,ring_tip,true,sphere_object,2.424,3.36742,0.0,0.98,2.4,lower_support
2.39,HOLD_STABLE,little_tip,true,sphere_object,2.496,3.60795,0.0,0.98,2.4,stabilizer
2.4,HOLD_STABLE,thumb_tip,true,sphere_object,2.208,2.64583,0.0,0.98,2.4,primary_opposition
2.4,HOLD_STABLE,index_tip,true,sphere_object,2.28,2.88636,0.0,0.98,2.4,upper_support
2.4,HOLD_STABLE,middle_tip,true,sphere_object,2.352,3.12689,0.0,0.98,2.4,opposing_support
2.4,HOLD_STABLE,ring_tip,true,sphere_object,2.424,3.36742,0.0,0.98,2.4,lower_support
2.4,HOLD_STABLE,little_tip,true,sphere_object,2.496,3.60795,0.0,0.98,2.4,stabilizer
2.41,HOLD_STABLE,thumb_tip,true,sphere_object,2.208,2.64583,0.0,0.98,2.4,primary_opposition
2.41,HOLD_STABLE,index_tip,true,sphere_object,2.28,2.88636,0.0,0.98,2.4,upper_support
2.41,HOLD_STABLE,middle_tip,true,sphere_object,2.352,3.12689,0.0,0.98,2.4,opposing_support
2.41,HOLD_STABLE,ring_tip,true,sphere_object,2.424,3.36742,0.0,0.98,2.4,lower_support
2.41,HOLD_STABLE,little_tip,true,sphere_object,2.496,3.60795,0.0,0.98,2.4,stabilizer
2.42,HOLD_STABLE,thumb_tip,true,sphere_object,2.208,2.64583,0.0,0.98,2.4,primary_opposition
2.42,HOLD_STABLE,index_tip,true,sphere_object,2.28,2.88636,0.0,0.98,2.4,upper_support
2.42,HOLD_STABLE,middle_tip,true,sphere_object,2.352,3.12689,0.0,0.98,2.4,opposing_support
2.42,HOLD_STABLE,ring_tip,true,sphere_object,2.424,3.36742,0.0,0.98,2.4,lower_support
2.42,HOLD_STABLE,little_tip,true,sphere_object,2.496,3.60795,0.0,0.98,2.4,stabilizer
2.43,HOLD_STABLE,thumb_tip,true,sphere_object,2.208,2.64583,0.0,0.98,2.4,primary_opposition
2.43,HOLD_STABLE,index_tip,true,sphere_object,2.28,2.88636,0.0,0.98,2.4,upper_support
2.43,HOLD_STABLE,middle_tip,true,sphere_object,2.352,3.12689,0.0,0.98,2.4,opposing_support
2.43,HOLD_STABLE,ring_tip,true,sphere_object,2.424,3.36742,0.0,0.98,2.4,lower_support
2.43,HOLD_STABLE,little_tip,true,sphere_object,2.496,3.60795,0.0,0.98,2.4,stabilizer
2.44,HOLD_STABLE,thumb_tip,true,sphere_object,2.208,2.64583,0.0,0.98,2.4,primary_opposition
2.44,HOLD_STABLE,index_tip,true,sphere_object,2.28,2.88636,0.0,0.98,2.4,upper_support
2.44,HOLD_STABLE,middle_tip,true,sphere_object,2.352,3.12689,0.0,0.98,2.4,opposing_support
2.44,HOLD_STABLE,ring_tip,true,sphere_object,2.424,3.36742,0.0,0.98,2.4,lower_support
2.44,HOLD_STABLE,little_tip,true,sphere_object,2.496,3.60795,0.0,0.98,2.4,stabilizer
2.45,HOLD_STABLE,thumb_tip,true,sphere_object,2.208,2.64583,0.0,0.98,2.4,primary_opposition
2.45,HOLD_STABLE,index_tip,true,sphere_object,2.28,2.88636,0.0,0.98,2.4,upper_support
2.45,HOLD_STABLE,middle_tip,true,sphere_object,2.352,3.12689,0.0,0.98,2.4,opposing_support
2.45,HOLD_STABLE,ring_tip,true,sphere_object,2.424,3.36742,0.0,0.98,2.4,lower_support
2.45,HOLD_STABLE,little_tip,true,sphere_object,2.496,3.60795,0.0,0.98,2.4,stabilizer
2.46,HOLD_STABLE,thumb_tip,true,sphere_object,2.208,2.64583,0.0,0.98,2.4,primary_opposition
2.46,HOLD_STABLE,index_tip,true,sphere_object,2.28,2.88636,0.0,0.98,2.4,upper_support
2.46,HOLD_STABLE,middle_tip,true,sphere_object,2.352,3.12689,0.0,0.98,2.4,opposing_support
2.46,HOLD_STABLE,ring_tip,true,sphere_object,2.424,3.36742,0.0,0.98,2.4,lower_support
2.46,HOLD_STABLE,little_tip,true,sphere_object,2.496,3.60795,0.0,0.98,2.4,stabilizer
2.47,HOLD_STABLE,thumb_tip,true,sphere_object,2.208,2.64583,0.0,0.98,2.4,primary_opposition
2.47,HOLD_STABLE,index_tip,true,sphere_object,2.28,2.88636,0.0,0.98,2.4,upper_support
2.47,HOLD_STABLE,middle_tip,true,sphere_object,2.352,3.12689,0.0,0.98,2.4,opposing_support
2.47,HOLD_STABLE,ring_tip,true,sphere_object,2.424,3.36742,0.0,0.98,2.4,lower_support
2.47,HOLD_STABLE,little_tip,true,sphere_object,2.496,3.60795,0.0,0.98,2.4,stabilizer
2.48,HOLD_STABLE,thumb_tip,true,sphere_object,2.208,2.64583,0.0,0.98,2.4,primary_opposition
2.48,HOLD_STABLE,index_tip,true,sphere_object,2.28,2.88636,0.0,0.98,2.4,upper_support
2.48,HOLD_STABLE,middle_tip,true,sphere_object,2.352,3.12689,0.0,0.98,2.4,opposing_support
2.48,HOLD_STABLE,ring_tip,true,sphere_object,2.424,3.36742,0.0,0.98,2.4,lower_support
2.48,HOLD_STABLE,little_tip,true,sphere_object,2.496,3.60795,0.0,0.98,2.4,stabilizer
2.49,HOLD_STABLE,thumb_tip,true,sphere_object,2.208,2.64583,0.0,0.98,2.4,primary_opposition
2.49,HOLD_STABLE,index_tip,true,sphere_object,2.28,2.88636,0.0,0.98,2.4,upper_support
2.49,HOLD_STABLE,middle_tip,true,sphere_object,2.352,3.12689,0.0,0.98,2.4,opposing_support
2.49,HOLD_STABLE,ring_tip,true,sphere_object,2.424,3.36742,0.0,0.98,2.4,lower_support
2.49,HOLD_STABLE,little_tip,true,sphere_object,2.496,3.60795,0.0,0.98,2.4,stabilizer
2.5,HOLD_STABLE,thumb_tip,true,sphere_object,2.208,2.64583,0.0,0.98,2.4,primary_opposition
2.5,HOLD_STABLE,index_tip,true,sphere_object,2.28,2.88636,0.0,0.98,2.4,upper_support
2.5,HOLD_STABLE,middle_tip,true,sphere_object,2.352,3.12689,0.0,0.98,2.4,opposing_support
2.5,HOLD_STABLE,ring_tip,true,sphere_object,2.424,3.36742,0.0,0.98,2.4,lower_support
2.5,HOLD_STABLE,little_tip,true,sphere_object,2.496,3.60795,0.0,0.98,2.4,stabilizer
2.51,HOLD_STABLE,thumb_tip,true,sphere_object,2.208,2.64583,0.0,0.98,2.4,primary_opposition
2.51,HOLD_STABLE,index_tip,true,sphere_object,2.28,2.88636,0.0,0.98,2.4,upper_support
2.51,HOLD_STABLE,middle_tip,true,sphere_object,2.352,3.12689,0.0,0.98,2.4,opposing_support
2.51,HOLD_STABLE,ring_tip,true,sphere_object,2.424,3.36742,0.0,0.98,2.4,lower_support
2.51,HOLD_STABLE,little_tip,true,sphere_object,2.496,3.60795,0.0,0.98,2.4,stabilizer
2.52,HOLD_STABLE,thumb_tip,true,sphere_object,2.208,2.64583,0.0,0.98,2.4,primary_opposition
2.52,HOLD_STABLE,index_tip,true,sphere_object,2.28,2.88636,0.0,0.98,2.4,upper_support
2.52,HOLD_STABLE,middle_tip,true,sphere_object,2.352,3.12689,0.0,0.98,2.4,opposing_support
2.52,HOLD_STABLE,ring_tip,true,sphere_object,2.424,3.36742,0.0,0.98,2.4,lower_support
2.52,HOLD_STABLE,little_tip,true,sphere_object,2.496,3.60795,0.0,0.98,2.4,stabilizer
2.53,HOLD_STABLE,thumb_tip,true,sphere_object,2.208,2.64583,0.0,0.98,2.4,primary_opposition
2.53,HOLD_STABLE,index_tip,true,sphere_object,2.28,2.88636,0.0,0.98,2.4,upper_support
2.53,HOLD_STABLE,middle_tip,true,sphere_object,2.352,3.12689,0.0,0.98,2.4,opposing_support
2.53,HOLD_STABLE,ring_tip,true,sphere_object,2.424,3.36742,0.0,0.98,2.4,lower_support
2.53,HOLD_STABLE,little_tip,true,sphere_object,2.496,3.60795,0.0,0.98,2.4,stabilizer
2.54,HOLD_STABLE,thumb_tip,true,sphere_object,2.208,2.64583,0.0,0.98,2.4,primary_opposition
2.54,HOLD_STABLE,index_tip,true,sphere_object,2.28,2.88636,0.0,0.98,2.4,upper_support
2.54,HOLD_STABLE,middle_tip,true,sphere_object,2.352,3.12689,0.0,0.98,2.4,opposing_support
2.54,HOLD_STABLE,ring_tip,true,sphere_object,2.424,3.36742,0.0,0.98,2.4,lower_support
2.54,HOLD_STABLE,little_tip,true,sphere_object,2.496,3.60795,0.0,0.98,2.4,stabilizer
2.55,HOLD_STABLE,thumb_tip,true,sphere_object,2.208,2.64583,0.0,0.98,2.4,primary_opposition
2.55,HOLD_STABLE,index_tip,true,sphere_object,2.28,2.88636,0.0,0.98,2.4,upper_support
2.55,HOLD_STABLE,middle_tip,true,sphere_object,2.352,3.12689,0.0,0.98,2.4,opposing_support
2.55,HOLD_STABLE,ring_tip,true,sphere_object,2.424,3.36742,0.0,0.98,2.4,lower_support
2.55,HOLD_STABLE,little_tip,true,sphere_object,2.496,3.60795,0.0,0.98,2.4,stabilizer
2.56,HOLD_STABLE,thumb_tip,true,sphere_object,2.208,2.64583,0.0,0.98,2.4,primary_opposition
2.56,HOLD_STABLE,index_tip,true,sphere_object,2.28,2.88636,0.0,0.98,2.4,upper_support
2.56,HOLD_STABLE,middle_tip,true,sphere_object,2.352,3.12689,0.0,0.98,2.4,opposing_support
2.56,HOLD_STABLE,ring_tip,true,sphere_object,2.424,3.36742,0.0,0.98,2.4,lower_support
2.56,HOLD_STABLE,little_tip,true,sphere_object,2.496,3.60795,0.0,0.98,2.4,stabilizer
2.57,HOLD_STABLE,thumb_tip,true,sphere_object,2.208,2.64583,0.0,0.98,2.4,primary_opposition
2.57,HOLD_STABLE,index_tip,true,sphere_object,2.28,2.88636,0.0,0.98,2.4,upper_support
2.57,HOLD_STABLE,middle_tip,true,sphere_object,2.352,3.12689,0.0,0.98,2.4,opposing_support
2.57,HOLD_STABLE,ring_tip,true,sphere_object,2.424,3.36742,0.0,0.98,2.4,lower_support
2.57,HOLD_STABLE,little_tip,true,sphere_object,2.496,3.60795,0.0,0.98,2.4,stabilizer
2.58,HOLD_STABLE,thumb_tip,true,sphere_object,2.208,2.64583,0.0,0.98,2.4,primary_opposition
2.58,HOLD_STABLE,index_tip,true,sphere_object,2.28,2.88636,0.0,0.98,2.4,upper_support
2.58,HOLD_STABLE,middle_tip,true,sphere_object,2.352,3.12689,0.0,0.98,2.4,opposing_support
2.58,HOLD_STABLE,ring_tip,true,sphere_object,2.424,3.36742,0.0,0.98,2.4,lower_support
2.58,HOLD_STABLE,little_tip,true,sphere_object,2.496,3.60795,0.0,0.98,2.4,stabilizer
2.61,CONTROLLED_RELEASE,thumb_tip,false,sphere_object,0.0,0.0,0.0,0.0,0.0,primary_opposition
2.61,CONTROLLED_RELEASE,index_tip,false,sphere_object,0.0,0.0,0.0,0.0,0.0,upper_support
2.61,CONTROLLED_RELEASE,middle_tip,false,sphere_object,0.0,0.0,0.0,0.0,0.0,opposing_support
2.61,CONTROLLED_RELEASE,ring_tip,false,sphere_object,0.0,0.0,0.0,0.0,0.0,lower_support
2.61,CONTROLLED_RELEASE,little_tip,false,sphere_object,0.0,0.0,0.0,0.0,0.0,stabilizer
2.66,CONTROLLED_RELEASE,thumb_tip,false,sphere_object,0.0,0.0,0.0,0.0,0.0,primary_opposition
2.66,CONTROLLED_RELEASE,index_tip,false,sphere_object,0.0,0.0,0.0,0.0,0.0,upper_support
2.66,CONTROLLED_RELEASE,middle_tip,false,sphere_object,0.0,0.0,0.0,0.0,0.0,opposing_support
2.66,CONTROLLED_RELEASE,ring_tip,false,sphere_object,0.0,0.0,0.0,0.0,0.0,lower_support
2.66,CONTROLLED_RELEASE,little_tip,false,sphere_object,0.0,0.0,0.0,0.0,0.0,stabilizer
2.71,CONTROLLED_RELEASE,thumb_tip,false,sphere_object,0.0,0.0,0.0,0.0,0.0,primary_opposition
2.71,CONTROLLED_RELEASE,index_tip,false,sphere_object,0.0,0.0,0.0,0.0,0.0,upper_support
2.71,CONTROLLED_RELEASE,middle_tip,false,sphere_object,0.0,0.0,0.0,0.0,0.0,opposing_support
2.71,CONTROLLED_RELEASE,ring_tip,false,sphere_object,0.0,0.0,0.0,0.0,0.0,lower_support
2.71,CONTROLLED_RELEASE,little_tip,false,sphere_object,0.0,0.0,0.0,0.0,0.0,stabilizer
2.76,HAND_PRESHAPE,thumb_tip,false,cube_object,0.0,0.0,0.0,0.0,0.0,primary_opposition
2.76,HAND_PRESHAPE,index_tip,false,cube_object,0.0,0.0,0.0,0.0,0.0,opposing_support
2.76,HAND_PRESHAPE,middle_tip,false,cube_object,0.0,0.0,0.0,0.0,0.0,opposing_support
2.76,HAND_PRESHAPE,ring_tip,false,cube_object,0.0,0.0,0.0,0.0,0.0,lower_support
2.76,HAND_PRESHAPE,little_tip,false,cube_object,0.0,0.0,0.0,0.0,0.0,curled_clearance
2.81,HAND_PRESHAPE,thumb_tip,false,cube_object,0.0,0.0,0.0,0.0,0.0,primary_opposition
2.81,HAND_PRESHAPE,index_tip,false,cube_object,0.0,0.0,0.0,0.0,0.0,opposing_support
2.81,HAND_PRESHAPE,middle_tip,false,cube_object,0.0,0.0,0.0,0.0,0.0,opposing_support
2.81,HAND_PRESHAPE,ring_tip,false,cube_object,0.0,0.0,0.0,0.0,0.0,lower_support
2.81,HAND_PRESHAPE,little_tip,false,cube_object,0.0,0.0,0.0,0.0,0.0,curled_clearance
2.86,HAND_PRESHAPE,thumb_tip,false,cube_object,0.0,0.0,0.0,0.0,0.0,primary_opposition
2.86,HAND_PRESHAPE,index_tip,false,cube_object,0.0,0.0,0.0,0.0,0.0,opposing_support
2.86,HAND_PRESHAPE,middle_tip,false,cube_object,0.0,0.0,0.0,0.0,0.0,opposing_support
2.86,HAND_PRESHAPE,ring_tip,false,cube_object,0.0,0.0,0.0,0.0,0.0,lower_support
2.86,HAND_PRESHAPE,little_tip,false,cube_object,0.0,0.0,0.0,0.0,0.0,curled_clearance
2.91,APPROACH_OBJECT,thumb_tip,false,cube_object,0.0,0.0,0.0,0.0,0.0,primary_opposition
2.91,APPROACH_OBJECT,index_tip,false,cube_object,0.0,0.0,0.0,0.0,0.0,opposing_support
2.91,APPROACH_OBJECT,middle_tip,false,cube_object,0.0,0.0,0.0,0.0,0.0,opposing_support
2.91,APPROACH_OBJECT,ring_tip,false,cube_object,0.0,0.0,0.0,0.0,0.0,lower_support
2.91,APPROACH_OBJECT,little_tip,false,cube_object,0.0,0.0,0.0,0.0,0.0,curled_clearance
2.96,APPROACH_OBJECT,thumb_tip,false,cube_object,0.0,0.0,0.0,0.0,0.0,primary_opposition
2.96,APPROACH_OBJECT,index_tip,false,cube_object,0.0,0.0,0.0,0.0,0.0,opposing_support
2.96,APPROACH_OBJECT,middle_tip,false,cube_object,0.0,0.0,0.0,0.0,0.0,opposing_support
2.96,APPROACH_OBJECT,ring_tip,false,cube_object,0.0,0.0,0.0,0.0,0.0,lower_support
2.96,APPROACH_OBJECT,little_tip,false,cube_object,0.0,0.0,0.0,0.0,0.0,curled_clearance
3.01,APPROACH_OBJECT,thumb_tip,false,cube_object,0.0,0.0,0.0,0.0,0.0,primary_opposition
3.01,APPROACH_OBJECT,index_tip,false,cube_object,0.0,0.0,0.0,0.0,0.0,opposing_support
3.01,APPROACH_OBJECT,middle_tip,false,cube_object,0.0,0.0,0.0,0.0,0.0,opposing_support
3.01,APPROACH_OBJECT,ring_tip,false,cube_object,0.0,0.0,0.0,0.0,0.0,lower_support
3.01,APPROACH_OBJECT,little_tip,false,cube_object,0.0,0.0,0.0,0.0,0.0,curled_clearance
3.06,APPROACH_OBJECT,thumb_tip,false,cube_object,0.0,0.0,0.0,0.0,0.0,primary_opposition
3.06,APPROACH_OBJECT,index_tip,false,cube_object,0.0,0.0,0.0,0.0,0.0,opposing_support
3.06,APPROACH_OBJECT,middle_tip,false,cube_object,0.0,0.0,0.0,0.0,0.0,opposing_support
3.06,APPROACH_OBJECT,ring_tip,false,cube_object,0.0,0.0,0.0,0.0,0.0,lower_support
3.06,APPROACH_OBJECT,little_tip,false,cube_object,0.0,0.0,0.0,0.0,0.0,curled_clearance
3.11,ALIGN_TO_OBJECT,thumb_tip,false,cube_object,0.0,0.0,0.0,0.0,0.0,primary_opposition
3.11,ALIGN_TO_OBJECT,index_tip,false,cube_object,0.0,0.0,0.0,0.0,0.0,opposing_support
3.11,ALIGN_TO_OBJECT,middle_tip,false,cube_object,0.0,0.0,0.0,0.0,0.0,opposing_support
3.11,ALIGN_TO_OBJECT,ring_tip,false,cube_object,0.0,0.0,0.0,0.0,0.0,lower_support
3.11,ALIGN_TO_OBJECT,little_tip,false,cube_object,0.0,0.0,0.0,0.0,0.0,curled_clearance
3.16,ALIGN_TO_OBJECT,thumb_tip,false,cube_object,0.0,0.0,0.0,0.0,0.0,primary_opposition
3.16,ALIGN_TO_OBJECT,index_tip,false,cube_object,0.0,0.0,0.0,0.0,0.0,opposing_support
3.16,ALIGN_TO_OBJECT,middle_tip,false,cube_object,0.0,0.0,0.0,0.0,0.0,opposing_support
3.16,ALIGN_TO_OBJECT,ring_tip,false,cube_object,0.0,0.0,0.0,0.0,0.0,lower_support
3.16,ALIGN_TO_OBJECT,little_tip,false,cube_object,0.0,0.0,0.0,0.0,0.0,curled_clearance
3.21,PAUSE_BEFORE_CLOSE,thumb_tip,false,cube_object,0.0,0.0,0.0,0.0,0.0,primary_opposition
3.21,PAUSE_BEFORE_CLOSE,index_tip,false,cube_object,0.0,0.0,0.0,0.0,0.0,opposing_support
3.21,PAUSE_BEFORE_CLOSE,middle_tip,false,cube_object,0.0,0.0,0.0,0.0,0.0,opposing_support
3.21,PAUSE_BEFORE_CLOSE,ring_tip,false,cube_object,0.0,0.0,0.0,0.0,0.0,lower_support
3.21,PAUSE_BEFORE_CLOSE,little_tip,false,cube_object,0.0,0.0,0.0,0.0,0.0,curled_clearance
3.26,PAUSE_BEFORE_CLOSE,thumb_tip,false,cube_object,0.0,0.0,0.0,0.0,0.0,primary_opposition
3.26,PAUSE_BEFORE_CLOSE,index_tip,false,cube_object,0.0,0.0,0.0,0.0,0.0,opposing_support
3.26,PAUSE_BEFORE_CLOSE,middle_tip,false,cube_object,0.0,0.0,0.0,0.0,0.0,opposing_support
3.26,PAUSE_BEFORE_CLOSE,ring_tip,false,cube_object,0.0,0.0,0.0,0.0,0.0,lower_support
3.26,PAUSE_BEFORE_CLOSE,little_tip,false,cube_object,0.0,0.0,0.0,0.0,0.0,curled_clearance
3.31,FINGER_CONTACT_CLOSE_INDEX_MIDDLE,thumb_tip,false,cube_object,0.0,0.0,0.0,0.0,0.0,primary_opposition
3.31,FINGER_CONTACT_CLOSE_INDEX_MIDDLE,index_tip,true,cube_object,0.76,0.0,1.0,0.67,0.8,opposing_support
3.31,FINGER_CONTACT_CLOSE_INDEX_MIDDLE,middle_tip,true,cube_object,0.784,0.0,1.0,0.67,0.8,opposing_support
3.31,FINGER_CONTACT_CLOSE_INDEX_MIDDLE,ring_tip,false,cube_object,0.0,0.0,0.0,0.0,0.0,lower_support
3.31,FINGER_CONTACT_CLOSE_INDEX_MIDDLE,little_tip,false,cube_object,0.0,0.0,0.0,0.0,0.0,curled_clearance
3.36,FINGER_CONTACT_CLOSE_INDEX_MIDDLE,thumb_tip,false,cube_object,0.0,0.0,0.0,0.0,0.0,primary_opposition
3.36,FINGER_CONTACT_CLOSE_INDEX_MIDDLE,index_tip,true,cube_object,0.76,0.0,1.0,0.67,0.8,opposing_support
3.36,FINGER_CONTACT_CLOSE_INDEX_MIDDLE,middle_tip,true,cube_object,0.784,0.0,1.0,0.67,0.8,opposing_support
3.36,FINGER_CONTACT_CLOSE_INDEX_MIDDLE,ring_tip,false,cube_object,0.0,0.0,0.0,0.0,0.0,lower_support
3.36,FINGER_CONTACT_CLOSE_INDEX_MIDDLE,little_tip,false,cube_object,0.0,0.0,0.0,0.0,0.0,curled_clearance
3.41,FINGER_CONTACT_CLOSE_THUMB_OPPOSE,thumb_tip,true,cube_object,2.208,0.0,1.0,0.78,2.4,primary_opposition
3.41,FINGER_CONTACT_CLOSE_THUMB_OPPOSE,index_tip,true,cube_object,2.28,0.0,1.0,0.78,2.4,opposing_support
3.41,FINGER_CONTACT_CLOSE_THUMB_OPPOSE,middle_tip,true,cube_object,2.352,0.0,1.0,0.78,2.4,opposing_support
3.41,FINGER_CONTACT_CLOSE_THUMB_OPPOSE,ring_tip,false,cube_object,0.0,0.0,0.0,0.0,0.0,lower_support
3.41,FINGER_CONTACT_CLOSE_THUMB_OPPOSE,little_tip,false,cube_object,0.0,0.0,0.0,0.0,0.0,curled_clearance
3.46,FINGER_CONTACT_CLOSE_THUMB_OPPOSE,thumb_tip,true,cube_object,2.208,0.0,1.0,0.78,2.4,primary_opposition
3.46,FINGER_CONTACT_CLOSE_THUMB_OPPOSE,index_tip,true,cube_object,2.28,0.0,1.0,0.78,2.4,opposing_support
3.46,FINGER_CONTACT_CLOSE_THUMB_OPPOSE,middle_tip,true,cube_object,2.352,0.0,1.0,0.78,2.4,opposing_support
3.46,FINGER_CONTACT_CLOSE_THUMB_OPPOSE,ring_tip,false,cube_object,0.0,0.0,0.0,0.0,0.0,lower_support
3.46,FINGER_CONTACT_CLOSE_THUMB_OPPOSE,little_tip,false,cube_object,0.0,0.0,0.0,0.0,0.0,curled_clearance
3.51,FINGER_CONTACT_CLOSE_THUMB_OPPOSE,thumb_tip,true,cube_object,2.208,0.0,1.0,0.78,2.4,primary_opposition
3.51,FINGER_CONTACT_CLOSE_THUMB_OPPOSE,index_tip,true,cube_object,2.28,0.0,1.0,0.78,2.4,opposing_support
3.51,FINGER_CONTACT_CLOSE_THUMB_OPPOSE,middle_tip,true,cube_object,2.352,0.0,1.0,0.78,2.4,opposing_support
3.51,FINGER_CONTACT_CLOSE_THUMB_OPPOSE,ring_tip,false,cube_object,0.0,0.0,0.0,0.0,0.0,lower_support
3.51,FINGER_CONTACT_CLOSE_THUMB_OPPOSE,little_tip,false,cube_object,0.0,0.0,0.0,0.0,0.0,curled_clearance
3.56,FINGER_CONTACT_CLOSE_LOWER_SUPPORT,thumb_tip,true,cube_object,2.208,0.0,1.0,0.89,2.4,primary_opposition
3.56,FINGER_CONTACT_CLOSE_LOWER_SUPPORT,index_tip,true,cube_object,2.28,0.0,1.0,0.89,2.4,opposing_support
3.56,FINGER_CONTACT_CLOSE_LOWER_SUPPORT,middle_tip,true,cube_object,2.352,0.0,1.0,0.89,2.4,opposing_support
3.56,FINGER_CONTACT_CLOSE_LOWER_SUPPORT,ring_tip,true,cube_object,2.424,0.0,1.0,0.89,2.4,lower_support
3.56,FINGER_CONTACT_CLOSE_LOWER_SUPPORT,little_tip,false,cube_object,0.0,0.0,0.0,0.0,0.0,curled_clearance
3.61,FINGER_CONTACT_CLOSE_LOWER_SUPPORT,thumb_tip,true,cube_object,2.208,0.0,1.0,0.89,2.4,primary_opposition
3.61,FINGER_CONTACT_CLOSE_LOWER_SUPPORT,index_tip,true,cube_object,2.28,0.0,1.0,0.89,2.4,opposing_support
3.61,FINGER_CONTACT_CLOSE_LOWER_SUPPORT,middle_tip,true,cube_object,2.352,0.0,1.0,0.89,2.4,opposing_support
3.61,FINGER_CONTACT_CLOSE_LOWER_SUPPORT,ring_tip,true,cube_object,2.424,0.0,1.0,0.89,2.4,lower_support
3.61,FINGER_CONTACT_CLOSE_LOWER_SUPPORT,little_tip,false,cube_object,0.0,0.0,0.0,0.0,0.0,curled_clearance
3.66,CONTACT_ESTIMATION,thumb_tip,true,cube_object,2.208,0.0,1.0,0.89,2.4,primary_opposition
3.66,CONTACT_ESTIMATION,index_tip,true,cube_object,2.28,0.0,1.0,0.89,2.4,opposing_support
3.66,CONTACT_ESTIMATION,middle_tip,true,cube_object,2.352,0.0,1.0,0.89,2.4,opposing_support
3.66,CONTACT_ESTIMATION,ring_tip,true,cube_object,2.424,0.0,1.0,0.89,2.4,lower_support
3.66,CONTACT_ESTIMATION,little_tip,false,cube_object,0.0,0.0,0.0,0.0,0.0,curled_clearance
3.71,STABLE_GRASP_VERIFY,thumb_tip,true,cube_object,2.208,0.0,1.0,0.89,2.4,primary_opposition
3.71,STABLE_GRASP_VERIFY,index_tip,true,cube_object,2.28,0.0,1.0,0.89,2.4,opposing_support
3.71,STABLE_GRASP_VERIFY,middle_tip,true,cube_object,2.352,0.0,1.0,0.89,2.4,opposing_support
3.71,STABLE_GRASP_VERIFY,ring_tip,true,cube_object,2.424,0.0,1.0,0.89,2.4,lower_support
3.71,STABLE_GRASP_VERIFY,little_tip,false,cube_object,0.0,0.0,0.0,0.0,0.0,curled_clearance
3.76,STABLE_GRASP_VERIFY,thumb_tip,true,cube_object,2.208,0.0,1.0,0.89,2.4,primary_opposition
3.76,STABLE_GRASP_VERIFY,index_tip,true,cube_object,2.28,0.0,1.0,0.89,2.4,opposing_support
3.76,STABLE_GRASP_VERIFY,middle_tip,true,cube_object,2.352,0.0,1.0,0.89,2.4,opposing_support
3.76,STABLE_GRASP_VERIFY,ring_tip,true,cube_object,2.424,0.0,1.0,0.89,2.4,lower_support
3.76,STABLE_GRASP_VERIFY,little_tip,false,cube_object,0.0,0.0,0.0,0.0,0.0,curled_clearance
3.81,SECURE_OBJECT,thumb_tip,true,cube_object,2.208,1.38861,0.0,0.89,2.4,primary_opposition
3.81,SECURE_OBJECT,index_tip,true,cube_object,2.28,1.51485,0.0,0.89,2.4,opposing_support
3.81,SECURE_OBJECT,middle_tip,true,cube_object,2.352,1.64108,0.0,0.89,2.4,opposing_support
3.81,SECURE_OBJECT,ring_tip,true,cube_object,2.424,1.76732,0.0,0.89,2.4,lower_support
3.81,SECURE_OBJECT,little_tip,false,cube_object,0.0,0.0,0.0,0.0,0.0,curled_clearance
3.86,SECURE_OBJECT,thumb_tip,true,cube_object,2.208,1.38861,0.0,0.89,2.4,primary_opposition
3.86,SECURE_OBJECT,index_tip,true,cube_object,2.28,1.51485,0.0,0.89,2.4,opposing_support
3.86,SECURE_OBJECT,middle_tip,true,cube_object,2.352,1.64108,0.0,0.89,2.4,opposing_support
3.86,SECURE_OBJECT,ring_tip,true,cube_object,2.424,1.76732,0.0,0.89,2.4,lower_support
3.86,SECURE_OBJECT,little_tip,false,cube_object,0.0,0.0,0.0,0.0,0.0,curled_clearance
3.88,HOLD_STABLE,thumb_tip,true,cube_object,2.208,1.38861,0.0,0.89,2.4,primary_opposition
3.88,HOLD_STABLE,index_tip,true,cube_object,2.28,1.51485,0.0,0.89,2.4,opposing_support
3.88,HOLD_STABLE,middle_tip,true,cube_object,2.352,1.64108,0.0,0.89,2.4,opposing_support
3.88,HOLD_STABLE,ring_tip,true,cube_object,2.424,1.76732,0.0,0.89,2.4,lower_support
3.88,HOLD_STABLE,little_tip,false,cube_object,0.0,0.0,0.0,0.0,0.0,curled_clearance
3.89,HOLD_STABLE,thumb_tip,true,cube_object,2.208,1.37585,0.0,0.89,2.4,primary_opposition
3.89,HOLD_STABLE,index_tip,true,cube_object,2.28,1.50092,0.0,0.89,2.4,opposing_support
3.89,HOLD_STABLE,middle_tip,true,cube_object,2.352,1.626,0.0,0.89,2.4,opposing_support
3.89,HOLD_STABLE,ring_tip,true,cube_object,2.424,1.75108,0.0,0.89,2.4,lower_support
3.89,HOLD_STABLE,little_tip,false,cube_object,0.0,0.0,0.0,0.0,0.0,curled_clearance
3.9,HOLD_STABLE,thumb_tip,true,cube_object,2.208,1.30706,0.0098,0.89,2.4,primary_opposition
3.9,HOLD_STABLE,index_tip,true,cube_object,2.28,1.42588,0.0,0.89,2.4,opposing_support
3.9,HOLD_STABLE,middle_tip,true,cube_object,2.352,1.54471,0.0,0.89,2.4,opposing_support
3.9,HOLD_STABLE,ring_tip,true,cube_object,2.424,1.66353,0.0,0.89,2.4,lower_support
3.9,HOLD_STABLE,little_tip,false,cube_object,0.0,0.0,0.0,0.0,0.0,curled_clearance
3.91,HOLD_STABLE,thumb_tip,true,cube_object,2.208,1.3009,0.01447,0.89,2.4,primary_opposition
3.91,HOLD_STABLE,index_tip,true,cube_object,2.28,1.41916,0.0,0.89,2.4,opposing_support
3.91,HOLD_STABLE,middle_tip,true,cube_object,2.352,1.53743,0.0,0.89,2.4,opposing_support
3.91,HOLD_STABLE,ring_tip,true,cube_object,2.424,1.65569,0.0,0.89,2.4,lower_support
3.91,HOLD_STABLE,little_tip,false,cube_object,0.0,0.0,0.0,0.0,0.0,curled_clearance
3.92,HOLD_STABLE,thumb_tip,true,cube_object,2.208,1.3009,0.01447,0.89,2.4,primary_opposition
3.92,HOLD_STABLE,index_tip,true,cube_object,2.28,1.41916,0.0,0.89,2.4,opposing_support
3.92,HOLD_STABLE,middle_tip,true,cube_object,2.352,1.53743,0.0,0.89,2.4,opposing_support
3.92,HOLD_STABLE,ring_tip,true,cube_object,2.424,1.65569,0.0,0.89,2.4,lower_support
3.92,HOLD_STABLE,little_tip,false,cube_object,0.0,0.0,0.0,0.0,0.0,curled_clearance
3.93,HOLD_STABLE,thumb_tip,true,cube_object,2.208,1.3009,0.01447,0.89,2.4,primary_opposition
3.93,HOLD_STABLE,index_tip,true,cube_object,2.28,1.41916,0.0,0.89,2.4,opposing_support
3.93,HOLD_STABLE,middle_tip,true,cube_object,2.352,1.53743,0.0,0.89,2.4,opposing_support
3.93,HOLD_STABLE,ring_tip,true,cube_object,2.424,1.65569,0.0,0.89,2.4,lower_support
3.93,HOLD_STABLE,little_tip,false,cube_object,0.0,0.0,0.0,0.0,0.0,curled_clearance
3.94,HOLD_STABLE,thumb_tip,true,cube_object,2.208,1.3009,0.01447,0.89,2.4,primary_opposition
3.94,HOLD_STABLE,index_tip,true,cube_object,2.28,1.41916,0.0,0.89,2.4,opposing_support
3.94,HOLD_STABLE,middle_tip,true,cube_object,2.352,1.53743,0.0,0.89,2.4,opposing_support
3.94,HOLD_STABLE,ring_tip,true,cube_object,2.424,1.65569,0.0,0.89,2.4,lower_support
3.94,HOLD_STABLE,little_tip,false,cube_object,0.0,0.0,0.0,0.0,0.0,curled_clearance
3.95,HOLD_STABLE,thumb_tip,true,cube_object,2.208,1.3009,0.01447,0.89,2.4,primary_opposition
3.95,HOLD_STABLE,index_tip,true,cube_object,2.28,1.41916,0.0,0.89,2.4,opposing_support
3.95,HOLD_STABLE,middle_tip,true,cube_object,2.352,1.53743,0.0,0.89,2.4,opposing_support
3.95,HOLD_STABLE,ring_tip,true,cube_object,2.424,1.65569,0.0,0.89,2.4,lower_support
3.95,HOLD_STABLE,little_tip,false,cube_object,0.0,0.0,0.0,0.0,0.0,curled_clearance
3.96,HOLD_STABLE,thumb_tip,true,cube_object,2.208,1.3009,0.01447,0.89,2.4,primary_opposition
3.96,HOLD_STABLE,index_tip,true,cube_object,2.28,1.41916,0.0,0.89,2.4,opposing_support
3.96,HOLD_STABLE,middle_tip,true,cube_object,2.352,1.53743,0.0,0.89,2.4,opposing_support
3.96,HOLD_STABLE,ring_tip,true,cube_object,2.424,1.65569,0.0,0.89,2.4,lower_support
3.96,HOLD_STABLE,little_tip,false,cube_object,0.0,0.0,0.0,0.0,0.0,curled_clearance
3.97,HOLD_STABLE,thumb_tip,true,cube_object,2.208,1.3009,0.01447,0.89,2.4,primary_opposition
3.97,HOLD_STABLE,index_tip,true,cube_object,2.28,1.41916,0.0,0.89,2.4,opposing_support
3.97,HOLD_STABLE,middle_tip,true,cube_object,2.352,1.53743,0.0,0.89,2.4,opposing_support
3.97,HOLD_STABLE,ring_tip,true,cube_object,2.424,1.65569,0.0,0.89,2.4,lower_support
3.97,HOLD_STABLE,little_tip,false,cube_object,0.0,0.0,0.0,0.0,0.0,curled_clearance
3.98,HOLD_STABLE,thumb_tip,true,cube_object,2.208,1.3009,0.01447,0.89,2.4,primary_opposition
3.98,HOLD_STABLE,index_tip,true,cube_object,2.28,1.41916,0.0,0.89,2.4,opposing_support
3.98,HOLD_STABLE,middle_tip,true,cube_object,2.352,1.53743,0.0,0.89,2.4,opposing_support
3.98,HOLD_STABLE,ring_tip,true,cube_object,2.424,1.65569,0.0,0.89,2.4,lower_support
3.98,HOLD_STABLE,little_tip,false,cube_object,0.0,0.0,0.0,0.0,0.0,curled_clearance
3.99,HOLD_STABLE,thumb_tip,true,cube_object,2.208,1.3009,0.01447,0.89,2.4,primary_opposition
3.99,HOLD_STABLE,index_tip,true,cube_object,2.28,1.41916,0.0,0.89,2.4,opposing_support
3.99,HOLD_STABLE,middle_tip,true,cube_object,2.352,1.53743,0.0,0.89,2.4,opposing_support
3.99,HOLD_STABLE,ring_tip,true,cube_object,2.424,1.65569,0.0,0.89,2.4,lower_support
3.99,HOLD_STABLE,little_tip,false,cube_object,0.0,0.0,0.0,0.0,0.0,curled_clearance
4.0,HOLD_STABLE,thumb_tip,true,cube_object,2.208,1.3009,0.01447,0.89,2.4,primary_opposition
4.0,HOLD_STABLE,index_tip,true,cube_object,2.28,1.41916,0.0,0.89,2.4,opposing_support
4.0,HOLD_STABLE,middle_tip,true,cube_object,2.352,1.53743,0.0,0.89,2.4,opposing_support
4.0,HOLD_STABLE,ring_tip,true,cube_object,2.424,1.65569,0.0,0.89,2.4,lower_support
4.0,HOLD_STABLE,little_tip,false,cube_object,0.0,0.0,0.0,0.0,0.0,curled_clearance
4.01,HOLD_STABLE,thumb_tip,true,cube_object,2.208,1.3009,0.01447,0.89,2.4,primary_opposition
4.01,HOLD_STABLE,index_tip,true,cube_object,2.28,1.41916,0.0,0.89,2.4,opposing_support
4.01,HOLD_STABLE,middle_tip,true,cube_object,2.352,1.53743,0.0,0.89,2.4,opposing_support
4.01,HOLD_STABLE,ring_tip,true,cube_object,2.424,1.65569,0.0,0.89,2.4,lower_support
4.01,HOLD_STABLE,little_tip,false,cube_object,0.0,0.0,0.0,0.0,0.0,curled_clearance
4.02,HOLD_STABLE,thumb_tip,true,cube_object,2.208,1.3009,0.01447,0.89,2.4,primary_opposition
4.02,HOLD_STABLE,index_tip,true,cube_object,2.28,1.41916,0.0,0.89,2.4,opposing_support
4.02,HOLD_STABLE,middle_tip,true,cube_object,2.352,1.53743,0.0,0.89,2.4,opposing_support
4.02,HOLD_STABLE,ring_tip,true,cube_object,2.424,1.65569,0.0,0.89,2.4,lower_support
4.02,HOLD_STABLE,little_tip,false,cube_object,0.0,0.0,0.0,0.0,0.0,curled_clearance
4.03,HOLD_STABLE,thumb_tip,true,cube_object,2.208,1.3009,0.01447,0.89,2.4,primary_opposition
4.03,HOLD_STABLE,index_tip,true,cube_object,2.28,1.41916,0.0,0.89,2.4,opposing_support
4.03,HOLD_STABLE,middle_tip,true,cube_object,2.352,1.53743,0.0,0.89,2.4,opposing_support
4.03,HOLD_STABLE,ring_tip,true,cube_object,2.424,1.65569,0.0,0.89,2.4,lower_support
4.03,HOLD_STABLE,little_tip,false,cube_object,0.0,0.0,0.0,0.0,0.0,curled_clearance
4.04,HOLD_STABLE,thumb_tip,true,cube_object,2.208,1.3009,0.01447,0.89,2.4,primary_opposition
4.04,HOLD_STABLE,index_tip,true,cube_object,2.28,1.41916,0.0,0.89,2.4,opposing_support
4.04,HOLD_STABLE,middle_tip,true,cube_object,2.352,1.53743,0.0,0.89,2.4,opposing_support
4.04,HOLD_STABLE,ring_tip,true,cube_object,2.424,1.65569,0.0,0.89,2.4,lower_support
4.04,HOLD_STABLE,little_tip,false,cube_object,0.0,0.0,0.0,0.0,0.0,curled_clearance
4.05,HOLD_STABLE,thumb_tip,true,cube_object,2.208,1.3009,0.01447,0.89,2.4,primary_opposition
4.05,HOLD_STABLE,index_tip,true,cube_object,2.28,1.41916,0.0,0.89,2.4,opposing_support
4.05,HOLD_STABLE,middle_tip,true,cube_object,2.352,1.53743,0.0,0.89,2.4,opposing_support
4.05,HOLD_STABLE,ring_tip,true,cube_object,2.424,1.65569,0.0,0.89,2.4,lower_support
4.05,HOLD_STABLE,little_tip,false,cube_object,0.0,0.0,0.0,0.0,0.0,curled_clearance
4.06,CONTROLLED_RELEASE,thumb_tip,false,cube_object,0.0,0.0,0.0,0.0,0.0,primary_opposition
4.06,CONTROLLED_RELEASE,index_tip,false,cube_object,0.0,0.0,0.0,0.0,0.0,opposing_support
4.06,CONTROLLED_RELEASE,middle_tip,false,cube_object,0.0,0.0,0.0,0.0,0.0,opposing_support
4.06,CONTROLLED_RELEASE,ring_tip,false,cube_object,0.0,0.0,0.0,0.0,0.0,lower_support
4.06,CONTROLLED_RELEASE,little_tip,false,cube_object,0.0,0.0,0.0,0.0,0.0,curled_clearance
4.11,CONTROLLED_RELEASE,thumb_tip,false,cube_object,0.0,0.0,0.0,0.0,0.0,primary_opposition
4.11,CONTROLLED_RELEASE,index_tip,false,cube_object,0.0,0.0,0.0,0.0,0.0,opposing_support
4.11,CONTROLLED_RELEASE,middle_tip,false,cube_object,0.0,0.0,0.0,0.0,0.0,opposing_support
4.11,CONTROLLED_RELEASE,ring_tip,false,cube_object,0.0,0.0,0.0,0.0,0.0,lower_support
4.11,CONTROLLED_RELEASE,little_tip,false,cube_object,0.0,0.0,0.0,0.0,0.0,curled_clearance
4.16,CONTROLLED_RELEASE,thumb_tip,false,cube_object,0.0,0.0,0.0,0.0,0.0,primary_opposition
4.16,CONTROLLED_RELEASE,index_tip,false,cube_object,0.0,0.0,0.0,0.0,0.0,opposing_support
4.16,CONTROLLED_RELEASE,middle_tip,false,cube_object,0.0,0.0,0.0,0.0,0.0,opposing_support
4.16,CONTROLLED_RELEASE,ring_tip,false,cube_object,0.0,0.0,0.0,0.0,0.0,lower_support
4.16,CONTROLLED_RELEASE,little_tip,false,cube_object,0.0,0.0,0.0,0.0,0.0,curled_clearance
4.21,HAND_PRESHAPE,thumb_tip,false,cylinder_object,0.0,0.0,0.0,0.0,0.0,primary_opposition
4.21,HAND_PRESHAPE,index_tip,false,cylinder_object,0.0,0.0,0.0,0.0,0.0,opposing_support
4.21,HAND_PRESHAPE,middle_tip,false,cylinder_object,0.0,0.0,0.0,0.0,0.0,opposing_support
4.21,HAND_PRESHAPE,ring_tip,false,cylinder_object,0.0,0.0,0.0,0.0,0.0,lower_support
4.21,HAND_PRESHAPE,little_tip,false,cylinder_object,0.0,0.0,0.0,0.0,0.0,stabilizer
4.26,HAND_PRESHAPE,thumb_tip,false,cylinder_object,0.0,0.0,0.0,0.0,0.0,primary_opposition
4.26,HAND_PRESHAPE,index_tip,false,cylinder_object,0.0,0.0,0.0,0.0,0.0,opposing_support
4.26,HAND_PRESHAPE,middle_tip,false,cylinder_object,0.0,0.0,0.0,0.0,0.0,opposing_support
4.26,HAND_PRESHAPE,ring_tip,false,cylinder_object,0.0,0.0,0.0,0.0,0.0,lower_support
4.26,HAND_PRESHAPE,little_tip,false,cylinder_object,0.0,0.0,0.0,0.0,0.0,stabilizer
4.31,HAND_PRESHAPE,thumb_tip,false,cylinder_object,0.0,0.0,0.0,0.0,0.0,primary_opposition
4.31,HAND_PRESHAPE,index_tip,false,cylinder_object,0.0,0.0,0.0,0.0,0.0,opposing_support
4.31,HAND_PRESHAPE,middle_tip,false,cylinder_object,0.0,0.0,0.0,0.0,0.0,opposing_support
4.31,HAND_PRESHAPE,ring_tip,false,cylinder_object,0.0,0.0,0.0,0.0,0.0,lower_support
4.31,HAND_PRESHAPE,little_tip,false,cylinder_object,0.0,0.0,0.0,0.0,0.0,stabilizer
4.36,APPROACH_OBJECT,thumb_tip,false,cylinder_object,0.0,0.0,0.0,0.0,0.0,primary_opposition
4.36,APPROACH_OBJECT,index_tip,false,cylinder_object,0.0,0.0,0.0,0.0,0.0,opposing_support
4.36,APPROACH_OBJECT,middle_tip,false,cylinder_object,0.0,0.0,0.0,0.0,0.0,opposing_support
4.36,APPROACH_OBJECT,ring_tip,false,cylinder_object,0.0,0.0,0.0,0.0,0.0,lower_support
4.36,APPROACH_OBJECT,little_tip,false,cylinder_object,0.0,0.0,0.0,0.0,0.0,stabilizer
4.41,APPROACH_OBJECT,thumb_tip,false,cylinder_object,0.0,0.0,0.0,0.0,0.0,primary_opposition
4.41,APPROACH_OBJECT,index_tip,false,cylinder_object,0.0,0.0,0.0,0.0,0.0,opposing_support
4.41,APPROACH_OBJECT,middle_tip,false,cylinder_object,0.0,0.0,0.0,0.0,0.0,opposing_support
4.41,APPROACH_OBJECT,ring_tip,false,cylinder_object,0.0,0.0,0.0,0.0,0.0,lower_support
4.41,APPROACH_OBJECT,little_tip,false,cylinder_object,0.0,0.0,0.0,0.0,0.0,stabilizer
4.46,APPROACH_OBJECT,thumb_tip,false,cylinder_object,0.0,0.0,0.0,0.0,0.0,primary_opposition
4.46,APPROACH_OBJECT,index_tip,false,cylinder_object,0.0,0.0,0.0,0.0,0.0,opposing_support
4.46,APPROACH_OBJECT,middle_tip,false,cylinder_object,0.0,0.0,0.0,0.0,0.0,opposing_support
4.46,APPROACH_OBJECT,ring_tip,false,cylinder_object,0.0,0.0,0.0,0.0,0.0,lower_support
4.46,APPROACH_OBJECT,little_tip,false,cylinder_object,0.0,0.0,0.0,0.0,0.0,stabilizer
4.51,APPROACH_OBJECT,thumb_tip,false,cylinder_object,0.0,0.0,0.0,0.0,0.0,primary_opposition
4.51,APPROACH_OBJECT,index_tip,false,cylinder_object,0.0,0.0,0.0,0.0,0.0,opposing_support
4.51,APPROACH_OBJECT,middle_tip,false,cylinder_object,0.0,0.0,0.0,0.0,0.0,opposing_support
4.51,APPROACH_OBJECT,ring_tip,false,cylinder_object,0.0,0.0,0.0,0.0,0.0,lower_support
4.51,APPROACH_OBJECT,little_tip,false,cylinder_object,0.0,0.0,0.0,0.0,0.0,stabilizer
4.56,ALIGN_TO_OBJECT,thumb_tip,false,cylinder_object,0.0,0.0,0.0,0.0,0.0,primary_opposition
4.56,ALIGN_TO_OBJECT,index_tip,false,cylinder_object,0.0,0.0,0.0,0.0,0.0,opposing_support
4.56,ALIGN_TO_OBJECT,middle_tip,false,cylinder_object,0.0,0.0,0.0,0.0,0.0,opposing_support
4.56,ALIGN_TO_OBJECT,ring_tip,false,cylinder_object,0.0,0.0,0.0,0.0,0.0,lower_support
4.56,ALIGN_TO_OBJECT,little_tip,false,cylinder_object,0.0,0.0,0.0,0.0,0.0,stabilizer
4.61,ALIGN_TO_OBJECT,thumb_tip,false,cylinder_object,0.0,0.0,0.0,0.0,0.0,primary_opposition
4.61,ALIGN_TO_OBJECT,index_tip,false,cylinder_object,0.0,0.0,0.0,0.0,0.0,opposing_support
4.61,ALIGN_TO_OBJECT,middle_tip,false,cylinder_object,0.0,0.0,0.0,0.0,0.0,opposing_support
4.61,ALIGN_TO_OBJECT,ring_tip,false,cylinder_object,0.0,0.0,0.0,0.0,0.0,lower_support
4.61,ALIGN_TO_OBJECT,little_tip,false,cylinder_object,0.0,0.0,0.0,0.0,0.0,stabilizer
4.66,PAUSE_BEFORE_CLOSE,thumb_tip,false,cylinder_object,0.0,0.0,0.0,0.0,0.0,primary_opposition
4.66,PAUSE_BEFORE_CLOSE,index_tip,false,cylinder_object,0.0,0.0,0.0,0.0,0.0,opposing_support
4.66,PAUSE_BEFORE_CLOSE,middle_tip,false,cylinder_object,0.0,0.0,0.0,0.0,0.0,opposing_support
4.66,PAUSE_BEFORE_CLOSE,ring_tip,false,cylinder_object,0.0,0.0,0.0,0.0,0.0,lower_support
4.66,PAUSE_BEFORE_CLOSE,little_tip,false,cylinder_object,0.0,0.0,0.0,0.0,0.0,stabilizer
4.71,PAUSE_BEFORE_CLOSE,thumb_tip,false,cylinder_object,0.0,0.0,0.0,0.0,0.0,primary_opposition
4.71,PAUSE_BEFORE_CLOSE,index_tip,false,cylinder_object,0.0,0.0,0.0,0.0,0.0,opposing_support
4.71,PAUSE_BEFORE_CLOSE,middle_tip,false,cylinder_object,0.0,0.0,0.0,0.0,0.0,opposing_support
4.71,PAUSE_BEFORE_CLOSE,ring_tip,false,cylinder_object,0.0,0.0,0.0,0.0,0.0,lower_support
4.71,PAUSE_BEFORE_CLOSE,little_tip,false,cylinder_object,0.0,0.0,0.0,0.0,0.0,stabilizer
4.76,FINGER_CONTACT_CLOSE_INDEX_MIDDLE,thumb_tip,false,cylinder_object,0.0,0.0,0.0,0.0,0.0,primary_opposition
4.76,FINGER_CONTACT_CLOSE_INDEX_MIDDLE,index_tip,true,cylinder_object,0.76,0.0,1.0,0.67,0.8,opposing_support
4.76,FINGER_CONTACT_CLOSE_INDEX_MIDDLE,middle_tip,true,cylinder_object,0.784,0.0,1.0,0.67,0.8,opposing_support
4.76,FINGER_CONTACT_CLOSE_INDEX_MIDDLE,ring_tip,false,cylinder_object,0.0,0.0,0.0,0.0,0.0,lower_support
4.76,FINGER_CONTACT_CLOSE_INDEX_MIDDLE,little_tip,false,cylinder_object,0.0,0.0,0.0,0.0,0.0,stabilizer
4.81,FINGER_CONTACT_CLOSE_INDEX_MIDDLE,thumb_tip,false,cylinder_object,0.0,0.0,0.0,0.0,0.0,primary_opposition
4.81,FINGER_CONTACT_CLOSE_INDEX_MIDDLE,index_tip,true,cylinder_object,0.76,0.0,1.0,0.67,0.8,opposing_support
4.81,FINGER_CONTACT_CLOSE_INDEX_MIDDLE,middle_tip,true,cylinder_object,0.784,0.0,1.0,0.67,0.8,opposing_support
4.81,FINGER_CONTACT_CLOSE_INDEX_MIDDLE,ring_tip,false,cylinder_object,0.0,0.0,0.0,0.0,0.0,lower_support
4.81,FINGER_CONTACT_CLOSE_INDEX_MIDDLE,little_tip,false,cylinder_object,0.0,0.0,0.0,0.0,0.0,stabilizer
4.86,FINGER_CONTACT_CLOSE_INDEX_MIDDLE,thumb_tip,false,cylinder_object,0.0,0.0,0.0,0.0,0.0,primary_opposition
4.86,FINGER_CONTACT_CLOSE_INDEX_MIDDLE,index_tip,true,cylinder_object,0.76,0.0,1.0,0.67,0.8,opposing_support
4.86,FINGER_CONTACT_CLOSE_INDEX_MIDDLE,middle_tip,true,cylinder_object,0.784,0.0,1.0,0.67,0.8,opposing_support
4.86,FINGER_CONTACT_CLOSE_INDEX_MIDDLE,ring_tip,false,cylinder_object,0.0,0.0,0.0,0.0,0.0,lower_support
4.86,FINGER_CONTACT_CLOSE_INDEX_MIDDLE,little_tip,false,cylinder_object,0.0,0.0,0.0,0.0,0.0,stabilizer
4.91,FINGER_CONTACT_CLOSE_THUMB_OPPOSE,thumb_tip,true,cylinder_object,2.208,0.0,1.0,0.78,2.4,primary_opposition
4.91,FINGER_CONTACT_CLOSE_THUMB_OPPOSE,index_tip,true,cylinder_object,2.28,0.0,1.0,0.78,2.4,opposing_support
4.91,FINGER_CONTACT_CLOSE_THUMB_OPPOSE,middle_tip,true,cylinder_object,2.352,0.0,1.0,0.78,2.4,opposing_support
4.91,FINGER_CONTACT_CLOSE_THUMB_OPPOSE,ring_tip,false,cylinder_object,0.0,0.0,0.0,0.0,0.0,lower_support
4.91,FINGER_CONTACT_CLOSE_THUMB_OPPOSE,little_tip,false,cylinder_object,0.0,0.0,0.0,0.0,0.0,stabilizer
4.96,FINGER_CONTACT_CLOSE_THUMB_OPPOSE,thumb_tip,true,cylinder_object,2.208,0.0,1.0,0.78,2.4,primary_opposition
4.96,FINGER_CONTACT_CLOSE_THUMB_OPPOSE,index_tip,true,cylinder_object,2.28,0.0,1.0,0.78,2.4,opposing_support
4.96,FINGER_CONTACT_CLOSE_THUMB_OPPOSE,middle_tip,true,cylinder_object,2.352,0.0,1.0,0.78,2.4,opposing_support
4.96,FINGER_CONTACT_CLOSE_THUMB_OPPOSE,ring_tip,false,cylinder_object,0.0,0.0,0.0,0.0,0.0,lower_support
4.96,FINGER_CONTACT_CLOSE_THUMB_OPPOSE,little_tip,false,cylinder_object,0.0,0.0,0.0,0.0,0.0,stabilizer
5.01,FINGER_CONTACT_CLOSE_RING_SUPPORT,thumb_tip,true,cylinder_object,2.208,0.0,1.0,0.98,2.4,primary_opposition
5.01,FINGER_CONTACT_CLOSE_RING_SUPPORT,index_tip,true,cylinder_object,2.28,0.0,1.0,0.98,2.4,opposing_support
5.01,FINGER_CONTACT_CLOSE_RING_SUPPORT,middle_tip,true,cylinder_object,2.352,0.0,1.0,0.98,2.4,opposing_support
5.01,FINGER_CONTACT_CLOSE_RING_SUPPORT,ring_tip,true,cylinder_object,2.424,0.0,1.0,0.98,2.4,lower_support
5.01,FINGER_CONTACT_CLOSE_RING_SUPPORT,little_tip,true,cylinder_object,2.496,0.0,1.0,0.98,2.4,stabilizer
5.06,FINGER_CONTACT_CLOSE_RING_SUPPORT,thumb_tip,true,cylinder_object,2.208,0.0,1.0,0.98,2.4,primary_opposition
5.06,FINGER_CONTACT_CLOSE_RING_SUPPORT,index_tip,true,cylinder_object,2.28,0.0,1.0,0.98,2.4,opposing_support
5.06,FINGER_CONTACT_CLOSE_RING_SUPPORT,middle_tip,true,cylinder_object,2.352,0.0,1.0,0.98,2.4,opposing_support
5.06,FINGER_CONTACT_CLOSE_RING_SUPPORT,ring_tip,true,cylinder_object,2.424,0.0,1.0,0.98,2.4,lower_support
5.06,FINGER_CONTACT_CLOSE_RING_SUPPORT,little_tip,true,cylinder_object,2.496,0.0,1.0,0.98,2.4,stabilizer
5.11,CONTACT_ESTIMATION,thumb_tip,true,cylinder_object,2.208,0.0,1.0,0.98,2.4,primary_opposition
5.11,CONTACT_ESTIMATION,index_tip,true,cylinder_object,2.28,0.0,1.0,0.98,2.4,opposing_support
5.11,CONTACT_ESTIMATION,middle_tip,true,cylinder_object,2.352,0.0,1.0,0.98,2.4,opposing_support
5.11,CONTACT_ESTIMATION,ring_tip,true,cylinder_object,2.424,0.0,1.0,0.98,2.4,lower_support
5.11,CONTACT_ESTIMATION,little_tip,true,cylinder_object,2.496,0.0,1.0,0.98,2.4,stabilizer
5.16,CONTACT_ESTIMATION,thumb_tip,true,cylinder_object,2.208,0.0,1.0,0.98,2.4,primary_opposition
5.16,CONTACT_ESTIMATION,index_tip,true,cylinder_object,2.28,0.0,1.0,0.98,2.4,opposing_support
5.16,CONTACT_ESTIMATION,middle_tip,true,cylinder_object,2.352,0.0,1.0,0.98,2.4,opposing_support
5.16,CONTACT_ESTIMATION,ring_tip,true,cylinder_object,2.424,0.0,1.0,0.98,2.4,lower_support
5.16,CONTACT_ESTIMATION,little_tip,true,cylinder_object,2.496,0.0,1.0,0.98,2.4,stabilizer
5.21,STABLE_GRASP_VERIFY,thumb_tip,true,cylinder_object,2.208,0.0,1.0,0.98,2.4,primary_opposition
5.21,STABLE_GRASP_VERIFY,index_tip,true,cylinder_object,2.28,0.0,1.0,0.98,2.4,opposing_support
5.21,STABLE_GRASP_VERIFY,middle_tip,true,cylinder_object,2.352,0.0,1.0,0.98,2.4,opposing_support
5.21,STABLE_GRASP_VERIFY,ring_tip,true,cylinder_object,2.424,0.0,1.0,0.98,2.4,lower_support
5.21,STABLE_GRASP_VERIFY,little_tip,true,cylinder_object,2.496,0.0,1.0,0.98,2.4,stabilizer
5.26,STABLE_GRASP_VERIFY,thumb_tip,true,cylinder_object,2.208,0.0,1.0,0.98,2.4,primary_opposition
5.26,STABLE_GRASP_VERIFY,index_tip,true,cylinder_object,2.28,0.0,1.0,0.98,2.4,opposing_support
5.26,STABLE_GRASP_VERIFY,middle_tip,true,cylinder_object,2.352,0.0,1.0,0.98,2.4,opposing_support
5.26,STABLE_GRASP_VERIFY,ring_tip,true,cylinder_object,2.424,0.0,1.0,0.98,2.4,lower_support
5.26,STABLE_GRASP_VERIFY,little_tip,true,cylinder_object,2.496,0.0,1.0,0.98,2.4,stabilizer
5.31,SECURE_OBJECT,thumb_tip,true,cylinder_object,2.208,2.29179,0.0,0.98,2.4,primary_opposition
5.31,SECURE_OBJECT,index_tip,true,cylinder_object,2.28,2.50013,0.0,0.98,2.4,opposing_support
5.31,SECURE_OBJECT,middle_tip,true,cylinder_object,2.352,2.70848,0.0,0.98,2.4,opposing_support
5.31,SECURE_OBJECT,ring_tip,true,cylinder_object,2.424,2.91682,0.0,0.98,2.4,lower_support
5.31,SECURE_OBJECT,little_tip,true,cylinder_object,2.496,3.12516,0.0,0.98,2.4,stabilizer
5.36,IN_HAND_ROTATION_PREPARE,thumb_tip,true,cylinder_object,2.208,2.29179,0.0,0.89,2.4,counterhold
5.36,IN_HAND_ROTATION_PREPARE,index_tip,false,cylinder_object,0.0,0.0,0.0,0.0,0.0,tangential_push
5.36,IN_HAND_ROTATION_PREPARE,middle_tip,true,cylinder_object,2.352,2.70848,0.0,0.89,2.4,opposing_support
5.36,IN_HAND_ROTATION_PREPARE,ring_tip,true,cylinder_object,2.424,2.91682,0.0,0.89,2.4,lower_support
5.36,IN_HAND_ROTATION_PREPARE,little_tip,true,cylinder_object,2.496,3.12516,0.0,0.89,2.4,stabilizer
5.41,IN_HAND_ROTATION_PREPARE,thumb_tip,true,cylinder_object,2.208,2.29179,0.0,0.89,2.4,counterhold
5.41,IN_HAND_ROTATION_PREPARE,index_tip,false,cylinder_object,0.0,0.0,0.0,0.0,0.0,tangential_push
5.41,IN_HAND_ROTATION_PREPARE,middle_tip,true,cylinder_object,2.352,2.70848,0.0,0.89,2.4,opposing_support
5.41,IN_HAND_ROTATION_PREPARE,ring_tip,true,cylinder_object,2.424,2.91682,0.0,0.89,2.4,lower_support
5.41,IN_HAND_ROTATION_PREPARE,little_tip,true,cylinder_object,2.496,3.12516,0.0,0.89,2.4,stabilizer
5.46,IN_HAND_ROTATION_PREPARE,thumb_tip,true,cylinder_object,2.208,2.29179,0.0,0.89,2.4,counterhold
5.46,IN_HAND_ROTATION_PREPARE,index_tip,false,cylinder_object,0.0,0.0,0.0,0.0,0.0,tangential_push
5.46,IN_HAND_ROTATION_PREPARE,middle_tip,true,cylinder_object,2.352,2.70848,0.0,0.89,2.4,opposing_support
5.46,IN_HAND_ROTATION_PREPARE,ring_tip,true,cylinder_object,2.424,2.91682,0.0,0.89,2.4,lower_support
5.46,IN_HAND_ROTATION_PREPARE,little_tip,true,cylinder_object,2.496,3.12516,0.0,0.89,2.4,stabilizer
5.51,IN_HAND_ROTATION,thumb_tip,true,cylinder_object,2.208,2.10285,0.0,0.89,2.4,counterhold
5.51,IN_HAND_ROTATION,index_tip,true,cylinder_object,2.28,2.29402,0.0,0.89,2.4,tangential_push
5.51,IN_HAND_ROTATION,middle_tip,true,cylinder_object,2.352,2.48519,0.0,0.89,2.4,opposing_support
5.51,IN_HAND_ROTATION,ring_tip,true,cylinder_object,2.424,2.67636,0.0,0.89,2.4,lower_support
5.51,IN_HAND_ROTATION,little_tip,false,cylinder_object,0.0,0.0,0.0,0.0,0.0,stabilizer
5.56,IN_HAND_ROTATION,thumb_tip,true,cylinder_object,2.208,1.22067,0.07525,0.89,2.4,counterhold
5.56,IN_HAND_ROTATION,index_tip,true,cylinder_object,2.28,1.33164,0.0,0.89,2.4,tangential_push
5.56,IN_HAND_ROTATION,middle_tip,true,cylinder_object,2.352,1.44262,0.0,0.89,2.4,opposing_support
5.56,IN_HAND_ROTATION,ring_tip,true,cylinder_object,2.424,1.55359,0.0,0.89,2.4,lower_support
5.56,IN_HAND_ROTATION,little_tip,false,cylinder_object,0.0,0.0,0.0,0.0,0.0,stabilizer
5.61,IN_HAND_ROTATION,thumb_tip,true,cylinder_object,2.208,0.54254,0.58899,0.89,2.4,counterhold
5.61,IN_HAND_ROTATION,index_tip,true,cylinder_object,2.28,0.59186,0.55162,0.89,2.4,tangential_push
5.61,IN_HAND_ROTATION,middle_tip,true,cylinder_object,2.352,0.64118,0.51426,0.89,2.4,opposing_support
5.61,IN_HAND_ROTATION,ring_tip,true,cylinder_object,2.424,0.6905,0.47689,0.89,2.4,lower_support
5.61,IN_HAND_ROTATION,little_tip,false,cylinder_object,0.0,0.0,0.0,0.0,0.0,stabilizer
5.66,IN_HAND_ROTATION,thumb_tip,true,cylinder_object,2.208,0.64597,0.51063,0.89,2.4,counterhold
5.66,IN_HAND_ROTATION,index_tip,true,cylinder_object,2.28,0.70469,0.46614,0.89,2.4,tangential_push
5.66,IN_HAND_ROTATION,middle_tip,true,cylinder_object,2.352,0.76342,0.42165,0.89,2.4,opposing_support
5.66,IN_HAND_ROTATION,ring_tip,true,cylinder_object,2.424,0.82214,0.37717,0.89,2.4,lower_support
5.66,IN_HAND_ROTATION,little_tip,false,cylinder_object,0.0,0.0,0.0,0.0,0.0,stabilizer
5.71,IN_HAND_ROTATION,thumb_tip,true,cylinder_object,2.208,1.02307,0.22495,0.89,2.4,counterhold
5.71,IN_HAND_ROTATION,index_tip,true,cylinder_object,2.28,1.11608,0.15449,0.89,2.4,tangential_push
5.71,IN_HAND_ROTATION,middle_tip,true,cylinder_object,2.352,1.20908,0.08403,0.89,2.4,opposing_support
5.71,IN_HAND_ROTATION,ring_tip,true,cylinder_object,2.424,1.30209,0.01357,0.89,2.4,lower_support
5.71,IN_HAND_ROTATION,little_tip,false,cylinder_object,0.0,0.0,0.0,0.0,0.0,stabilizer
5.76,ROTATION_VERIFY,thumb_tip,true,cylinder_object,2.208,0.49179,0.62744,0.98,2.4,counterhold
5.76,ROTATION_VERIFY,index_tip,true,cylinder_object,2.28,0.53649,0.59357,0.98,2.4,tangential_push
5.76,ROTATION_VERIFY,middle_tip,true,cylinder_object,2.352,0.5812,0.5597,0.98,2.4,opposing_support
5.76,ROTATION_VERIFY,ring_tip,true,cylinder_object,2.424,0.62591,0.52583,0.98,2.4,lower_support
5.76,ROTATION_VERIFY,little_tip,true,cylinder_object,2.496,0.67062,0.49196,0.98,2.4,stabilizer
5.81,ROTATION_VERIFY,thumb_tip,true,cylinder_object,2.208,0.61432,0.53461,0.98,2.4,counterhold
5.81,ROTATION_VERIFY,index_tip,true,cylinder_object,2.28,0.67017,0.4923,0.98,2.4,tangential_push
5.81,ROTATION_VERIFY,middle_tip,true,cylinder_object,2.352,0.72601,0.44999,0.98,2.4,opposing_support
5.81,ROTATION_VERIFY,ring_tip,true,cylinder_object,2.424,0.78186,0.40768,0.98,2.4,lower_support
5.81,ROTATION_VERIFY,little_tip,true,cylinder_object,2.496,0.83771,0.36537,0.98,2.4,stabilizer
5.86,ROTATION_VERIFY,thumb_tip,true,cylinder_object,2.208,1.51984,0.0,0.98,2.4,counterhold
5.86,ROTATION_VERIFY,index_tip,true,cylinder_object,2.28,1.65801,0.0,0.98,2.4,tangential_push
5.86,ROTATION_VERIFY,middle_tip,true,cylinder_object,2.352,1.79618,0.0,0.98,2.4,opposing_support
5.86,ROTATION_VERIFY,ring_tip,true,cylinder_object,2.424,1.93434,0.0,0.98,2.4,lower_support
5.86,ROTATION_VERIFY,little_tip,true,cylinder_object,2.496,2.07251,0.0,0.98,2.4,stabilizer
5.91,CONTROLLED_RELEASE,thumb_tip,false,cylinder_object,0.0,0.0,0.0,0.0,0.0,primary_opposition
5.91,CONTROLLED_RELEASE,index_tip,false,cylinder_object,0.0,0.0,0.0,0.0,0.0,opposing_support
5.91,CONTROLLED_RELEASE,middle_tip,false,cylinder_object,0.0,0.0,0.0,0.0,0.0,opposing_support
5.91,CONTROLLED_RELEASE,ring_tip,false,cylinder_object,0.0,0.0,0.0,0.0,0.0,lower_support
5.91,CONTROLLED_RELEASE,little_tip,false,cylinder_object,0.0,0.0,0.0,0.0,0.0,stabilizer
5.96,CONTROLLED_RELEASE,thumb_tip,false,cylinder_object,0.0,0.0,0.0,0.0,0.0,primary_opposition
5.96,CONTROLLED_RELEASE,index_tip,false,cylinder_object,0.0,0.0,0.0,0.0,0.0,opposing_support
5.96,CONTROLLED_RELEASE,middle_tip,false,cylinder_object,0.0,0.0,0.0,0.0,0.0,opposing_support
5.96,CONTROLLED_RELEASE,ring_tip,false,cylinder_object,0.0,0.0,0.0,0.0,0.0,lower_support
5.96,CONTROLLED_RELEASE,little_tip,false,cylinder_object,0.0,0.0,0.0,0.0,0.0,stabilizer
6.01,CLASSIFY_CAP_OBJECT,thumb_tip,false,cap_knob,0.0,0.0,0.0,0.0,0.0,counterhold
6.01,CLASSIFY_CAP_OBJECT,index_tip,false,cap_knob,0.0,0.0,0.0,0.0,0.0,tangential_push
6.01,CLASSIFY_CAP_OBJECT,middle_tip,false,cap_knob,0.0,0.0,0.0,0.0,0.0,opposing_support
6.01,CLASSIFY_CAP_OBJECT,ring_tip,false,cap_knob,0.0,0.0,0.0,0.0,0.0,lower_support
6.01,CLASSIFY_CAP_OBJECT,little_tip,false,cap_knob,0.0,0.0,0.0,0.0,0.0,stabilizer
6.06,CLASSIFY_CAP_OBJECT,thumb_tip,false,cap_knob,0.0,0.0,0.0,0.0,0.0,counterhold
6.06,CLASSIFY_CAP_OBJECT,index_tip,false,cap_knob,0.0,0.0,0.0,0.0,0.0,tangential_push
6.06,CLASSIFY_CAP_OBJECT,middle_tip,false,cap_knob,0.0,0.0,0.0,0.0,0.0,opposing_support
6.06,CLASSIFY_CAP_OBJECT,ring_tip,false,cap_knob,0.0,0.0,0.0,0.0,0.0,lower_support
6.06,CLASSIFY_CAP_OBJECT,little_tip,false,cap_knob,0.0,0.0,0.0,0.0,0.0,stabilizer
6.11,HAND_PRESHAPE_FOR_CAP,thumb_tip,false,cap_knob,0.0,0.0,0.0,0.0,0.0,counterhold
6.11,HAND_PRESHAPE_FOR_CAP,index_tip,false,cap_knob,0.0,0.0,0.0,0.0,0.0,tangential_push
6.11,HAND_PRESHAPE_FOR_CAP,middle_tip,false,cap_knob,0.0,0.0,0.0,0.0,0.0,opposing_support
6.11,HAND_PRESHAPE_FOR_CAP,ring_tip,false,cap_knob,0.0,0.0,0.0,0.0,0.0,lower_support
6.11,HAND_PRESHAPE_FOR_CAP,little_tip,false,cap_knob,0.0,0.0,0.0,0.0,0.0,stabilizer
6.16,HAND_PRESHAPE_FOR_CAP,thumb_tip,false,cap_knob,0.0,0.0,0.0,0.0,0.0,counterhold
6.16,HAND_PRESHAPE_FOR_CAP,index_tip,false,cap_knob,0.0,0.0,0.0,0.0,0.0,tangential_push
6.16,HAND_PRESHAPE_FOR_CAP,middle_tip,false,cap_knob,0.0,0.0,0.0,0.0,0.0,opposing_support
6.16,HAND_PRESHAPE_FOR_CAP,ring_tip,false,cap_knob,0.0,0.0,0.0,0.0,0.0,lower_support
6.16,HAND_PRESHAPE_FOR_CAP,little_tip,false,cap_knob,0.0,0.0,0.0,0.0,0.0,stabilizer
6.21,HAND_PRESHAPE_FOR_CAP,thumb_tip,false,cap_knob,0.0,0.0,0.0,0.0,0.0,counterhold
6.21,HAND_PRESHAPE_FOR_CAP,index_tip,false,cap_knob,0.0,0.0,0.0,0.0,0.0,tangential_push
6.21,HAND_PRESHAPE_FOR_CAP,middle_tip,false,cap_knob,0.0,0.0,0.0,0.0,0.0,opposing_support
6.21,HAND_PRESHAPE_FOR_CAP,ring_tip,false,cap_knob,0.0,0.0,0.0,0.0,0.0,lower_support
6.21,HAND_PRESHAPE_FOR_CAP,little_tip,false,cap_knob,0.0,0.0,0.0,0.0,0.0,stabilizer
6.26,APPROACH_CAP,thumb_tip,false,cap_knob,0.0,0.0,0.0,0.0,0.0,counterhold
6.26,APPROACH_CAP,index_tip,false,cap_knob,0.0,0.0,0.0,0.0,0.0,tangential_push
6.26,APPROACH_CAP,middle_tip,false,cap_knob,0.0,0.0,0.0,0.0,0.0,opposing_support
6.26,APPROACH_CAP,ring_tip,false,cap_knob,0.0,0.0,0.0,0.0,0.0,lower_support
6.26,APPROACH_CAP,little_tip,false,cap_knob,0.0,0.0,0.0,0.0,0.0,stabilizer
6.31,APPROACH_CAP,thumb_tip,false,cap_knob,0.0,0.0,0.0,0.0,0.0,counterhold
6.31,APPROACH_CAP,index_tip,false,cap_knob,0.0,0.0,0.0,0.0,0.0,tangential_push
6.31,APPROACH_CAP,middle_tip,false,cap_knob,0.0,0.0,0.0,0.0,0.0,opposing_support
6.31,APPROACH_CAP,ring_tip,false,cap_knob,0.0,0.0,0.0,0.0,0.0,lower_support
6.31,APPROACH_CAP,little_tip,false,cap_knob,0.0,0.0,0.0,0.0,0.0,stabilizer
6.36,APPROACH_CAP,thumb_tip,false,cap_knob,0.0,0.0,0.0,0.0,0.0,counterhold
6.36,APPROACH_CAP,index_tip,false,cap_knob,0.0,0.0,0.0,0.0,0.0,tangential_push
6.36,APPROACH_CAP,middle_tip,false,cap_knob,0.0,0.0,0.0,0.0,0.0,opposing_support
6.36,APPROACH_CAP,ring_tip,false,cap_knob,0.0,0.0,0.0,0.0,0.0,lower_support
6.36,APPROACH_CAP,little_tip,false,cap_knob,0.0,0.0,0.0,0.0,0.0,stabilizer
6.41,APPROACH_CAP,thumb_tip,false,cap_knob,0.0,0.0,0.0,0.0,0.0,counterhold
6.41,APPROACH_CAP,index_tip,false,cap_knob,0.0,0.0,0.0,0.0,0.0,tangential_push
6.41,APPROACH_CAP,middle_tip,false,cap_knob,0.0,0.0,0.0,0.0,0.0,opposing_support
6.41,APPROACH_CAP,ring_tip,false,cap_knob,0.0,0.0,0.0,0.0,0.0,lower_support
6.41,APPROACH_CAP,little_tip,false,cap_knob,0.0,0.0,0.0,0.0,0.0,stabilizer
6.46,CONTACT_SEEK,thumb_tip,false,cap_knob,0.0,0.0,0.0,0.0,0.0,counterhold
6.46,CONTACT_SEEK,index_tip,false,cap_knob,0.0,0.0,0.0,0.0,0.0,tangential_push
6.46,CONTACT_SEEK,middle_tip,false,cap_knob,0.0,0.0,0.0,0.0,0.0,opposing_support
6.46,CONTACT_SEEK,ring_tip,false,cap_knob,0.0,0.0,0.0,0.0,0.0,lower_support
6.46,CONTACT_SEEK,little_tip,false,cap_knob,0.0,0.0,0.0,0.0,0.0,stabilizer
6.51,CONTACT_SEEK,thumb_tip,false,cap_knob,0.0,0.0,0.0,0.0,0.0,counterhold
6.51,CONTACT_SEEK,index_tip,false,cap_knob,0.0,0.0,0.0,0.0,0.0,tangential_push
6.51,CONTACT_SEEK,middle_tip,false,cap_knob,0.0,0.0,0.0,0.0,0.0,opposing_support
6.51,CONTACT_SEEK,ring_tip,false,cap_knob,0.0,0.0,0.0,0.0,0.0,lower_support
6.51,CONTACT_SEEK,little_tip,false,cap_knob,0.0,0.0,0.0,0.0,0.0,stabilizer
6.56,CONTACT_SEEK,thumb_tip,false,cap_knob,0.0,0.0,0.0,0.0,0.0,counterhold
6.56,CONTACT_SEEK,index_tip,false,cap_knob,0.0,0.0,0.0,0.0,0.0,tangential_push
6.56,CONTACT_SEEK,middle_tip,false,cap_knob,0.0,0.0,0.0,0.0,0.0,opposing_support
6.56,CONTACT_SEEK,ring_tip,false,cap_knob,0.0,0.0,0.0,0.0,0.0,lower_support
6.56,CONTACT_SEEK,little_tip,false,cap_knob,0.0,0.0,0.0,0.0,0.0,stabilizer
6.61,CAP_THUMB_MIDDLE_COUNTERHOLD,thumb_tip,true,cap_knob,2.024,0.0,1.0,0.67,2.2,counterhold
6.61,CAP_THUMB_MIDDLE_COUNTERHOLD,index_tip,false,cap_knob,0.0,0.0,0.0,0.0,0.0,tangential_push
6.61,CAP_THUMB_MIDDLE_COUNTERHOLD,middle_tip,true,cap_knob,2.156,0.0,1.0,0.67,2.2,opposing_support
6.61,CAP_THUMB_MIDDLE_COUNTERHOLD,ring_tip,false,cap_knob,0.0,0.0,0.0,0.0,0.0,lower_support
6.61,CAP_THUMB_MIDDLE_COUNTERHOLD,little_tip,false,cap_knob,0.0,0.0,0.0,0.0,0.0,stabilizer
6.66,CAP_THUMB_MIDDLE_COUNTERHOLD,thumb_tip,true,cap_knob,2.024,0.0,1.0,0.67,2.2,counterhold
6.66,CAP_THUMB_MIDDLE_COUNTERHOLD,index_tip,false,cap_knob,0.0,0.0,0.0,0.0,0.0,tangential_push
6.66,CAP_THUMB_MIDDLE_COUNTERHOLD,middle_tip,true,cap_knob,2.156,0.0,1.0,0.67,2.2,opposing_support
6.66,CAP_THUMB_MIDDLE_COUNTERHOLD,ring_tip,false,cap_knob,0.0,0.0,0.0,0.0,0.0,lower_support
6.66,CAP_THUMB_MIDDLE_COUNTERHOLD,little_tip,false,cap_knob,0.0,0.0,0.0,0.0,0.0,stabilizer
6.71,CAP_RING_LITTLE_STABILIZE,thumb_tip,true,cap_knob,2.3,0.0,1.0,0.89,2.5,counterhold
6.71,CAP_RING_LITTLE_STABILIZE,index_tip,false,cap_knob,0.0,0.0,0.0,0.0,0.0,tangential_push
6.71,CAP_RING_LITTLE_STABILIZE,middle_tip,true,cap_knob,2.45,0.0,1.0,0.89,2.5,opposing_support
6.71,CAP_RING_LITTLE_STABILIZE,ring_tip,true,cap_knob,2.525,0.0,1.0,0.89,2.5,lower_support
6.71,CAP_RING_LITTLE_STABILIZE,little_tip,true,cap_knob,2.6,0.0,1.0,0.89,2.5,stabilizer
6.76,CAP_RING_LITTLE_STABILIZE,thumb_tip,true,cap_knob,2.3,0.0,1.0,0.89,2.5,counterhold
6.76,CAP_RING_LITTLE_STABILIZE,index_tip,false,cap_knob,0.0,0.0,0.0,0.0,0.0,tangential_push
6.76,CAP_RING_LITTLE_STABILIZE,middle_tip,true,cap_knob,2.45,0.0,1.0,0.89,2.5,opposing_support
6.76,CAP_RING_LITTLE_STABILIZE,ring_tip,true,cap_knob,2.525,0.0,1.0,0.89,2.5,lower_support
6.76,CAP_RING_LITTLE_STABILIZE,little_tip,true,cap_knob,2.6,0.0,1.0,0.89,2.5,stabilizer
6.81,FIVE_FINGER_CONTACT_VERIFY,thumb_tip,true,cap_knob,2.484,0.0,1.0,0.94,2.7,counterhold
6.81,FIVE_FINGER_CONTACT_VERIFY,index_tip,true,cap_knob,2.565,0.0,1.0,0.94,2.7,tangential_push
6.81,FIVE_FINGER_CONTACT_VERIFY,middle_tip,true,cap_knob,2.646,0.0,1.0,0.94,2.7,opposing_support
6.81,FIVE_FINGER_CONTACT_VERIFY,ring_tip,true,cap_knob,2.727,0.0,1.0,0.94,2.7,lower_support
6.81,FIVE_FINGER_CONTACT_VERIFY,little_tip,true,cap_knob,2.808,0.0,1.0,0.94,2.7,stabilizer
6.86,FIVE_FINGER_CONTACT_VERIFY,thumb_tip,true,cap_knob,2.484,0.0,1.0,0.94,2.7,counterhold
6.86,FIVE_FINGER_CONTACT_VERIFY,index_tip,true,cap_knob,2.565,0.0,1.0,0.94,2.7,tangential_push
6.86,FIVE_FINGER_CONTACT_VERIFY,middle_tip,true,cap_knob,2.646,0.0,1.0,0.94,2.7,opposing_support
6.86,FIVE_FINGER_CONTACT_VERIFY,ring_tip,true,cap_knob,2.727,0.0,1.0,0.94,2.7,lower_support
6.86,FIVE_FINGER_CONTACT_VERIFY,little_tip,true,cap_knob,2.808,0.0,1.0,0.94,2.7,stabilizer
6.91,FIVE_FINGER_CONTACT_VERIFY,thumb_tip,true,cap_knob,2.484,0.0,1.0,0.94,2.7,counterhold
6.91,FIVE_FINGER_CONTACT_VERIFY,index_tip,true,cap_knob,2.565,0.0,1.0,0.94,2.7,tangential_push
6.91,FIVE_FINGER_CONTACT_VERIFY,middle_tip,true,cap_knob,2.646,0.0,1.0,0.94,2.7,opposing_support
6.91,FIVE_FINGER_CONTACT_VERIFY,ring_tip,true,cap_knob,2.727,0.0,1.0,0.94,2.7,lower_support
6.91,FIVE_FINGER_CONTACT_VERIFY,little_tip,true,cap_knob,2.808,0.0,1.0,0.94,2.7,stabilizer
6.96,COUNTERHOLD_LOCK,thumb_tip,true,cap_knob,2.668,0.0,1.0,0.95,2.9,counterhold
6.96,COUNTERHOLD_LOCK,index_tip,true,cap_knob,2.755,0.0,1.0,0.95,2.9,tangential_push
6.96,COUNTERHOLD_LOCK,middle_tip,true,cap_knob,2.842,0.0,1.0,0.95,2.9,opposing_support
6.96,COUNTERHOLD_LOCK,ring_tip,true,cap_knob,2.929,0.0,1.0,0.95,2.9,lower_support
6.96,COUNTERHOLD_LOCK,little_tip,true,cap_knob,3.016,0.0,1.0,0.95,2.9,stabilizer
7.01,COUNTERHOLD_LOCK,thumb_tip,true,cap_knob,2.668,0.0,1.0,0.95,2.9,counterhold
7.01,COUNTERHOLD_LOCK,index_tip,true,cap_knob,2.755,0.0,1.0,0.95,2.9,tangential_push
7.01,COUNTERHOLD_LOCK,middle_tip,true,cap_knob,2.842,0.0,1.0,0.95,2.9,opposing_support
7.01,COUNTERHOLD_LOCK,ring_tip,true,cap_knob,2.929,0.0,1.0,0.95,2.9,lower_support
7.01,COUNTERHOLD_LOCK,little_tip,true,cap_knob,3.016,0.0,1.0,0.95,2.9,stabilizer
7.06,MINIMUM_JERK_CAP_TWIST,thumb_tip,true,cap_knob,2.852,0.0,1.0,0.96,3.1,counterhold
7.06,MINIMUM_JERK_CAP_TWIST,index_tip,true,cap_knob,2.945,0.0,1.0,0.96,3.1,tangential_push
7.06,MINIMUM_JERK_CAP_TWIST,middle_tip,true,cap_knob,3.038,0.0,1.0,0.96,3.1,opposing_support
7.06,MINIMUM_JERK_CAP_TWIST,ring_tip,true,cap_knob,3.131,0.0,1.0,0.96,3.1,lower_support
7.06,MINIMUM_JERK_CAP_TWIST,little_tip,false,cap_knob,0.0,0.0,0.0,0.0,0.0,stabilizer
7.11,MINIMUM_JERK_CAP_TWIST,thumb_tip,true,cap_knob,2.852,0.0,1.0,0.96,3.1,counterhold
7.11,MINIMUM_JERK_CAP_TWIST,index_tip,true,cap_knob,2.945,0.0,1.0,0.96,3.1,tangential_push
7.11,MINIMUM_JERK_CAP_TWIST,middle_tip,true,cap_knob,3.038,0.0,1.0,0.96,3.1,opposing_support
7.11,MINIMUM_JERK_CAP_TWIST,ring_tip,true,cap_knob,3.131,0.0,1.0,0.96,3.1,lower_support
7.11,MINIMUM_JERK_CAP_TWIST,little_tip,false,cap_knob,0.0,0.0,0.0,0.0,0.0,stabilizer
7.16,MINIMUM_JERK_CAP_TWIST,thumb_tip,true,cap_knob,2.852,0.0,1.0,0.96,3.1,counterhold
7.16,MINIMUM_JERK_CAP_TWIST,index_tip,true,cap_knob,2.945,0.0,1.0,0.96,3.1,tangential_push
7.16,MINIMUM_JERK_CAP_TWIST,middle_tip,true,cap_knob,3.038,0.0,1.0,0.96,3.1,opposing_support
7.16,MINIMUM_JERK_CAP_TWIST,ring_tip,true,cap_knob,3.131,0.0,1.0,0.96,3.1,lower_support
7.16,MINIMUM_JERK_CAP_TWIST,little_tip,false,cap_knob,0.0,0.0,0.0,0.0,0.0,stabilizer
7.21,MINIMUM_JERK_CAP_TWIST,thumb_tip,true,cap_knob,2.852,0.0,1.0,0.96,3.1,counterhold
7.21,MINIMUM_JERK_CAP_TWIST,index_tip,true,cap_knob,2.945,0.0,1.0,0.96,3.1,tangential_push
7.21,MINIMUM_JERK_CAP_TWIST,middle_tip,true,cap_knob,3.038,0.0,1.0,0.96,3.1,opposing_support
7.21,MINIMUM_JERK_CAP_TWIST,ring_tip,true,cap_knob,3.131,0.0,1.0,0.96,3.1,lower_support
7.21,MINIMUM_JERK_CAP_TWIST,little_tip,false,cap_knob,0.0,0.0,0.0,0.0,0.0,stabilizer
7.26,MINIMUM_JERK_CAP_TWIST,thumb_tip,true,cap_knob,2.852,0.0,1.0,0.96,3.1,counterhold
7.26,MINIMUM_JERK_CAP_TWIST,index_tip,true,cap_knob,2.945,0.0,1.0,0.96,3.1,tangential_push
7.26,MINIMUM_JERK_CAP_TWIST,middle_tip,true,cap_knob,3.038,0.0,1.0,0.96,3.1,opposing_support
7.26,MINIMUM_JERK_CAP_TWIST,ring_tip,true,cap_knob,3.131,0.0,1.0,0.96,3.1,lower_support
7.26,MINIMUM_JERK_CAP_TWIST,little_tip,false,cap_knob,0.0,0.0,0.0,0.0,0.0,stabilizer
7.31,MINIMUM_JERK_CAP_TWIST,thumb_tip,true,cap_knob,2.852,0.0,1.0,0.96,3.1,counterhold
7.31,MINIMUM_JERK_CAP_TWIST,index_tip,true,cap_knob,2.945,0.0,1.0,0.96,3.1,tangential_push
7.31,MINIMUM_JERK_CAP_TWIST,middle_tip,true,cap_knob,3.038,0.0,1.0,0.96,3.1,opposing_support
7.31,MINIMUM_JERK_CAP_TWIST,ring_tip,true,cap_knob,3.131,0.0,1.0,0.96,3.1,lower_support
7.31,MINIMUM_JERK_CAP_TWIST,little_tip,false,cap_knob,0.0,0.0,0.0,0.0,0.0,stabilizer
7.36,MINIMUM_JERK_CAP_TWIST,thumb_tip,true,cap_knob,2.852,0.0,1.0,0.96,3.1,counterhold
7.36,MINIMUM_JERK_CAP_TWIST,index_tip,true,cap_knob,2.945,0.0,1.0,0.96,3.1,tangential_push
7.36,MINIMUM_JERK_CAP_TWIST,middle_tip,true,cap_knob,3.038,0.0,1.0,0.96,3.1,opposing_support
7.36,MINIMUM_JERK_CAP_TWIST,ring_tip,true,cap_knob,3.131,0.0,1.0,0.96,3.1,lower_support
7.36,MINIMUM_JERK_CAP_TWIST,little_tip,false,cap_knob,0.0,0.0,0.0,0.0,0.0,stabilizer
7.41,MINIMUM_JERK_CAP_TWIST,thumb_tip,true,cap_knob,2.852,0.0,1.0,0.96,3.1,counterhold
7.41,MINIMUM_JERK_CAP_TWIST,index_tip,true,cap_knob,2.945,0.0,1.0,0.96,3.1,tangential_push
7.41,MINIMUM_JERK_CAP_TWIST,middle_tip,true,cap_knob,3.038,0.0,1.0,0.96,3.1,opposing_support
7.41,MINIMUM_JERK_CAP_TWIST,ring_tip,true,cap_knob,3.131,0.0,1.0,0.96,3.1,lower_support
7.41,MINIMUM_JERK_CAP_TWIST,little_tip,false,cap_knob,0.0,0.0,0.0,0.0,0.0,stabilizer
7.46,MINIMUM_JERK_CAP_TWIST,thumb_tip,true,cap_knob,2.852,0.0,1.0,0.96,3.1,counterhold
7.46,MINIMUM_JERK_CAP_TWIST,index_tip,true,cap_knob,2.945,0.0,1.0,0.96,3.1,tangential_push
7.46,MINIMUM_JERK_CAP_TWIST,middle_tip,true,cap_knob,3.038,0.0,1.0,0.96,3.1,opposing_support
7.46,MINIMUM_JERK_CAP_TWIST,ring_tip,true,cap_knob,3.131,0.0,1.0,0.96,3.1,lower_support
7.46,MINIMUM_JERK_CAP_TWIST,little_tip,false,cap_knob,0.0,0.0,0.0,0.0,0.0,stabilizer
7.51,MINIMUM_JERK_CAP_TWIST,thumb_tip,true,cap_knob,2.852,0.0,1.0,0.96,3.1,counterhold
7.51,MINIMUM_JERK_CAP_TWIST,index_tip,true,cap_knob,2.945,0.0,1.0,0.96,3.1,tangential_push
7.51,MINIMUM_JERK_CAP_TWIST,middle_tip,true,cap_knob,3.038,0.0,1.0,0.96,3.1,opposing_support
7.51,MINIMUM_JERK_CAP_TWIST,ring_tip,true,cap_knob,3.131,0.0,1.0,0.96,3.1,lower_support
7.51,MINIMUM_JERK_CAP_TWIST,little_tip,false,cap_knob,0.0,0.0,0.0,0.0,0.0,stabilizer
7.56,SLIP_MONITOR,thumb_tip,true,cap_knob,2.76,0.0,1.0,0.95,3.0,counterhold
7.56,SLIP_MONITOR,index_tip,true,cap_knob,2.85,0.0,1.0,0.95,3.0,tangential_push
7.56,SLIP_MONITOR,middle_tip,true,cap_knob,2.94,0.0,1.0,0.95,3.0,opposing_support
7.56,SLIP_MONITOR,ring_tip,true,cap_knob,3.03,0.0,1.0,0.95,3.0,lower_support
7.56,SLIP_MONITOR,little_tip,true,cap_knob,3.12,0.0,1.0,0.95,3.0,stabilizer
7.61,SLIP_MONITOR,thumb_tip,true,cap_knob,2.76,0.0,1.0,0.95,3.0,counterhold
7.61,SLIP_MONITOR,index_tip,true,cap_knob,2.85,0.0,1.0,0.95,3.0,tangential_push
7.61,SLIP_MONITOR,middle_tip,true,cap_knob,2.94,0.0,1.0,0.95,3.0,opposing_support
7.61,SLIP_MONITOR,ring_tip,true,cap_knob,3.03,0.0,1.0,0.95,3.0,lower_support
7.61,SLIP_MONITOR,little_tip,true,cap_knob,3.12,0.0,1.0,0.95,3.0,stabilizer
7.66,RECOVERY_IF_SLIP,thumb_tip,true,cap_knob,3.128,0.0,1.0,0.97,3.4,primary_opposition
7.66,RECOVERY_IF_SLIP,index_tip,true,cap_knob,3.23,0.0,1.0,0.97,3.4,opposing_support
7.66,RECOVERY_IF_SLIP,middle_tip,true,cap_knob,3.332,0.0,1.0,0.97,3.4,opposing_support
7.66,RECOVERY_IF_SLIP,ring_tip,true,cap_knob,3.434,0.0,1.0,0.97,3.4,lower_support
7.66,RECOVERY_IF_SLIP,little_tip,true,cap_knob,3.536,0.0,1.0,0.97,3.4,stabilizer
7.71,RECOVERY_IF_SLIP,thumb_tip,true,cap_knob,3.128,0.0,1.0,0.97,3.4,primary_opposition
7.71,RECOVERY_IF_SLIP,index_tip,true,cap_knob,3.23,0.0,1.0,0.97,3.4,opposing_support
7.71,RECOVERY_IF_SLIP,middle_tip,true,cap_knob,3.332,0.0,1.0,0.97,3.4,opposing_support
7.71,RECOVERY_IF_SLIP,ring_tip,true,cap_knob,3.434,0.0,1.0,0.97,3.4,lower_support
7.71,RECOVERY_IF_SLIP,little_tip,true,cap_knob,3.536,0.0,1.0,0.97,3.4,stabilizer
7.76,RECOVERY_IF_SLIP,thumb_tip,true,cap_knob,3.128,0.0,1.0,0.97,3.4,primary_opposition
7.76,RECOVERY_IF_SLIP,index_tip,true,cap_knob,3.23,0.0,1.0,0.97,3.4,opposing_support
7.76,RECOVERY_IF_SLIP,middle_tip,true,cap_knob,3.332,0.0,1.0,0.97,3.4,opposing_support
7.76,RECOVERY_IF_SLIP,ring_tip,true,cap_knob,3.434,0.0,1.0,0.97,3.4,lower_support
7.76,RECOVERY_IF_SLIP,little_tip,true,cap_knob,3.536,0.0,1.0,0.97,3.4,stabilizer
7.81,LOAD_HOLD_9X,thumb_tip,true,cap_knob,3.312,0.0,1.0,0.96,3.6,counterhold
7.81,LOAD_HOLD_9X,index_tip,true,cap_knob,3.42,0.0,1.0,0.96,3.6,tangential_push
7.81,LOAD_HOLD_9X,middle_tip,true,cap_knob,3.528,0.0,1.0,0.96,3.6,opposing_support
7.81,LOAD_HOLD_9X,ring_tip,true,cap_knob,3.636,0.0,1.0,0.96,3.6,lower_support
7.81,LOAD_HOLD_9X,little_tip,true,cap_knob,3.744,0.0,1.0,0.96,3.6,stabilizer
7.86,LOAD_HOLD_9X,thumb_tip,true,cap_knob,3.312,0.0,1.0,0.96,3.6,counterhold
7.86,LOAD_HOLD_9X,index_tip,true,cap_knob,3.42,0.0,1.0,0.96,3.6,tangential_push
7.86,LOAD_HOLD_9X,middle_tip,true,cap_knob,3.528,0.0,1.0,0.96,3.6,opposing_support
7.86,LOAD_HOLD_9X,ring_tip,true,cap_knob,3.636,0.0,1.0,0.96,3.6,lower_support
7.86,LOAD_HOLD_9X,little_tip,true,cap_knob,3.744,0.0,1.0,0.96,3.6,stabilizer
7.91,LOAD_HOLD_9X,thumb_tip,true,cap_knob,3.312,0.0,1.0,0.96,3.6,counterhold
7.91,LOAD_HOLD_9X,index_tip,true,cap_knob,3.42,0.0,1.0,0.96,3.6,tangential_push
7.91,LOAD_HOLD_9X,middle_tip,true,cap_knob,3.528,0.0,1.0,0.96,3.6,opposing_support
7.91,LOAD_HOLD_9X,ring_tip,true,cap_knob,3.636,0.0,1.0,0.96,3.6,lower_support
7.91,LOAD_HOLD_9X,little_tip,true,cap_knob,3.744,0.0,1.0,0.96,3.6,stabilizer
7.96,LOAD_HOLD_9X,thumb_tip,true,cap_knob,3.312,0.0,1.0,0.96,3.6,counterhold
7.96,LOAD_HOLD_9X,index_tip,true,cap_knob,3.42,0.0,1.0,0.96,3.6,tangential_push
7.96,LOAD_HOLD_9X,middle_tip,true,cap_knob,3.528,0.0,1.0,0.96,3.6,opposing_support
7.96,LOAD_HOLD_9X,ring_tip,true,cap_knob,3.636,0.0,1.0,0.96,3.6,lower_support
7.96,LOAD_HOLD_9X,little_tip,true,cap_knob,3.744,0.0,1.0,0.96,3.6,stabilizer
8.01,LOAD_HOLD_9X,thumb_tip,true,cap_knob,3.312,0.0,1.0,0.96,3.6,counterhold
8.01,LOAD_HOLD_9X,index_tip,true,cap_knob,3.42,0.0,1.0,0.96,3.6,tangential_push
8.01,LOAD_HOLD_9X,middle_tip,true,cap_knob,3.528,0.0,1.0,0.96,3.6,opposing_support
8.01,LOAD_HOLD_9X,ring_tip,true,cap_knob,3.636,0.0,1.0,0.96,3.6,lower_support
8.01,LOAD_HOLD_9X,little_tip,true,cap_knob,3.744,0.0,1.0,0.96,3.6,stabilizer
8.06,CAP_ANGLE_VERIFY,thumb_tip,true,cap_knob,2.852,0.0,1.0,0.96,3.1,counterhold
8.06,CAP_ANGLE_VERIFY,index_tip,true,cap_knob,2.945,0.0,1.0,0.96,3.1,tangential_push
8.06,CAP_ANGLE_VERIFY,middle_tip,true,cap_knob,3.038,0.0,1.0,0.96,3.1,opposing_support
8.06,CAP_ANGLE_VERIFY,ring_tip,true,cap_knob,3.131,0.0,1.0,0.96,3.1,lower_support
8.06,CAP_ANGLE_VERIFY,little_tip,true,cap_knob,3.224,0.0,1.0,0.96,3.1,stabilizer
8.11,CAP_ANGLE_VERIFY,thumb_tip,true,cap_knob,2.852,0.0,1.0,0.96,3.1,counterhold
8.11,CAP_ANGLE_VERIFY,index_tip,true,cap_knob,2.945,0.0,1.0,0.96,3.1,tangential_push
8.11,CAP_ANGLE_VERIFY,middle_tip,true,cap_knob,3.038,0.0,1.0,0.96,3.1,opposing_support
8.11,CAP_ANGLE_VERIFY,ring_tip,true,cap_knob,3.131,0.0,1.0,0.96,3.1,lower_support
8.11,CAP_ANGLE_VERIFY,little_tip,true,cap_knob,3.224,0.0,1.0,0.96,3.1,stabilizer
8.16,CAP_ANGLE_VERIFY,thumb_tip,true,cap_knob,2.852,0.0,1.0,0.96,3.1,counterhold
8.16,CAP_ANGLE_VERIFY,index_tip,true,cap_knob,2.945,0.0,1.0,0.96,3.1,tangential_push
8.16,CAP_ANGLE_VERIFY,middle_tip,true,cap_knob,3.038,0.0,1.0,0.96,3.1,opposing_support
8.16,CAP_ANGLE_VERIFY,ring_tip,true,cap_knob,3.131,0.0,1.0,0.96,3.1,lower_support
8.16,CAP_ANGLE_VERIFY,little_tip,true,cap_knob,3.224,0.0,1.0,0.96,3.1,stabilizer
8.21,CONTROLLED_RELEASE_OR_HOLD,thumb_tip,false,cap_knob,0.0,0.0,0.0,0.0,0.0,counterhold
8.21,CONTROLLED_RELEASE_OR_HOLD,index_tip,false,cap_knob,0.0,0.0,0.0,0.0,0.0,tangential_push
8.21,CONTROLLED_RELEASE_OR_HOLD,middle_tip,false,cap_knob,0.0,0.0,0.0,0.0,0.0,opposing_support
8.21,CONTROLLED_RELEASE_OR_HOLD,ring_tip,false,cap_knob,0.0,0.0,0.0,0.0,0.0,lower_support
8.21,CONTROLLED_RELEASE_OR_HOLD,little_tip,false,cap_knob,0.0,0.0,0.0,0.0,0.0,stabilizer
8.26,CONTROLLED_RELEASE_OR_HOLD,thumb_tip,false,cap_knob,0.0,0.0,0.0,0.0,0.0,counterhold
8.26,CONTROLLED_RELEASE_OR_HOLD,index_tip,false,cap_knob,0.0,0.0,0.0,0.0,0.0,tangential_push
8.26,CONTROLLED_RELEASE_OR_HOLD,middle_tip,false,cap_knob,0.0,0.0,0.0,0.0,0.0,opposing_support
8.26,CONTROLLED_RELEASE_OR_HOLD,ring_tip,false,cap_knob,0.0,0.0,0.0,0.0,0.0,lower_support
8.26,CONTROLLED_RELEASE_OR_HOLD,little_tip,false,cap_knob,0.0,0.0,0.0,0.0,0.0,stabilizer
8.31,TOOL_PRESHAPE,thumb_tip,false,stylus_tool,0.0,0.0,0.0,0.0,0.0,primary_opposition
8.31,TOOL_PRESHAPE,index_tip,false,stylus_tool,0.0,0.0,0.0,0.0,0.0,fingertip_precision
8.31,TOOL_PRESHAPE,middle_tip,false,stylus_tool,0.0,0.0,0.0,0.0,0.0,lower_support
8.31,TOOL_PRESHAPE,ring_tip,false,stylus_tool,0.0,0.0,0.0,0.0,0.0,curled_clearance
8.31,TOOL_PRESHAPE,little_tip,false,stylus_tool,0.0,0.0,0.0,0.0,0.0,curled_clearance
8.36,TOOL_PRESHAPE,thumb_tip,false,stylus_tool,0.0,0.0,0.0,0.0,0.0,primary_opposition
8.36,TOOL_PRESHAPE,index_tip,false,stylus_tool,0.0,0.0,0.0,0.0,0.0,fingertip_precision
8.36,TOOL_PRESHAPE,middle_tip,false,stylus_tool,0.0,0.0,0.0,0.0,0.0,lower_support
8.36,TOOL_PRESHAPE,ring_tip,false,stylus_tool,0.0,0.0,0.0,0.0,0.0,curled_clearance
8.36,TOOL_PRESHAPE,little_tip,false,stylus_tool,0.0,0.0,0.0,0.0,0.0,curled_clearance
8.41,TOOL_PRESHAPE,thumb_tip,false,stylus_tool,0.0,0.0,0.0,0.0,0.0,primary_opposition
8.41,TOOL_PRESHAPE,index_tip,false,stylus_tool,0.0,0.0,0.0,0.0,0.0,fingertip_precision
8.41,TOOL_PRESHAPE,middle_tip,false,stylus_tool,0.0,0.0,0.0,0.0,0.0,lower_support
8.41,TOOL_PRESHAPE,ring_tip,false,stylus_tool,0.0,0.0,0.0,0.0,0.0,curled_clearance
8.41,TOOL_PRESHAPE,little_tip,false,stylus_tool,0.0,0.0,0.0,0.0,0.0,curled_clearance
8.46,TOOL_APPROACH,thumb_tip,false,stylus_tool,0.0,0.0,0.0,0.0,0.0,primary_opposition
8.46,TOOL_APPROACH,index_tip,false,stylus_tool,0.0,0.0,0.0,0.0,0.0,fingertip_precision
8.46,TOOL_APPROACH,middle_tip,false,stylus_tool,0.0,0.0,0.0,0.0,0.0,lower_support
8.46,TOOL_APPROACH,ring_tip,false,stylus_tool,0.0,0.0,0.0,0.0,0.0,curled_clearance
8.46,TOOL_APPROACH,little_tip,false,stylus_tool,0.0,0.0,0.0,0.0,0.0,curled_clearance
8.51,TOOL_APPROACH,thumb_tip,false,stylus_tool,0.0,0.0,0.0,0.0,0.0,primary_opposition
8.51,TOOL_APPROACH,index_tip,false,stylus_tool,0.0,0.0,0.0,0.0,0.0,fingertip_precision
8.51,TOOL_APPROACH,middle_tip,false,stylus_tool,0.0,0.0,0.0,0.0,0.0,lower_support
8.51,TOOL_APPROACH,ring_tip,false,stylus_tool,0.0,0.0,0.0,0.0,0.0,curled_clearance
8.51,TOOL_APPROACH,little_tip,false,stylus_tool,0.0,0.0,0.0,0.0,0.0,curled_clearance
8.56,TOOL_APPROACH,thumb_tip,false,stylus_tool,0.0,0.0,0.0,0.0,0.0,primary_opposition
8.56,TOOL_APPROACH,index_tip,false,stylus_tool,0.0,0.0,0.0,0.0,0.0,fingertip_precision
8.56,TOOL_APPROACH,middle_tip,false,stylus_tool,0.0,0.0,0.0,0.0,0.0,lower_support
8.56,TOOL_APPROACH,ring_tip,false,stylus_tool,0.0,0.0,0.0,0.0,0.0,curled_clearance
8.56,TOOL_APPROACH,little_tip,false,stylus_tool,0.0,0.0,0.0,0.0,0.0,curled_clearance
8.61,TOOL_APPROACH,thumb_tip,false,stylus_tool,0.0,0.0,0.0,0.0,0.0,primary_opposition
8.61,TOOL_APPROACH,index_tip,false,stylus_tool,0.0,0.0,0.0,0.0,0.0,fingertip_precision
8.61,TOOL_APPROACH,middle_tip,false,stylus_tool,0.0,0.0,0.0,0.0,0.0,lower_support
8.61,TOOL_APPROACH,ring_tip,false,stylus_tool,0.0,0.0,0.0,0.0,0.0,curled_clearance
8.61,TOOL_APPROACH,little_tip,false,stylus_tool,0.0,0.0,0.0,0.0,0.0,curled_clearance
8.66,PAUSE_BEFORE_CLOSE,thumb_tip,false,stylus_tool,0.0,0.0,0.0,0.0,0.0,primary_opposition
8.66,PAUSE_BEFORE_CLOSE,index_tip,false,stylus_tool,0.0,0.0,0.0,0.0,0.0,fingertip_precision
8.66,PAUSE_BEFORE_CLOSE,middle_tip,false,stylus_tool,0.0,0.0,0.0,0.0,0.0,lower_support
8.66,PAUSE_BEFORE_CLOSE,ring_tip,false,stylus_tool,0.0,0.0,0.0,0.0,0.0,curled_clearance
8.66,PAUSE_BEFORE_CLOSE,little_tip,false,stylus_tool,0.0,0.0,0.0,0.0,0.0,curled_clearance
8.71,PAUSE_BEFORE_CLOSE,thumb_tip,false,stylus_tool,0.0,0.0,0.0,0.0,0.0,primary_opposition
8.71,PAUSE_BEFORE_CLOSE,index_tip,false,stylus_tool,0.0,0.0,0.0,0.0,0.0,fingertip_precision
8.71,PAUSE_BEFORE_CLOSE,middle_tip,false,stylus_tool,0.0,0.0,0.0,0.0,0.0,lower_support
8.71,PAUSE_BEFORE_CLOSE,ring_tip,false,stylus_tool,0.0,0.0,0.0,0.0,0.0,curled_clearance
8.71,PAUSE_BEFORE_CLOSE,little_tip,false,stylus_tool,0.0,0.0,0.0,0.0,0.0,curled_clearance
8.76,TRIPOD_THUMB_MIDDLE_CLOSE,thumb_tip,true,stylus_tool,0.736,0.0,1.0,0.67,0.8,primary_opposition
8.76,TRIPOD_THUMB_MIDDLE_CLOSE,index_tip,false,stylus_tool,0.0,0.0,0.0,0.0,0.0,fingertip_precision
8.76,TRIPOD_THUMB_MIDDLE_CLOSE,middle_tip,true,stylus_tool,0.784,0.0,1.0,0.67,0.8,lower_support
8.76,TRIPOD_THUMB_MIDDLE_CLOSE,ring_tip,false,stylus_tool,0.0,0.0,0.0,0.0,0.0,curled_clearance
8.76,TRIPOD_THUMB_MIDDLE_CLOSE,little_tip,false,stylus_tool,0.0,0.0,0.0,0.0,0.0,curled_clearance
8.81,TRIPOD_THUMB_MIDDLE_CLOSE,thumb_tip,true,stylus_tool,0.736,0.0,1.0,0.67,0.8,primary_opposition
8.81,TRIPOD_THUMB_MIDDLE_CLOSE,index_tip,false,stylus_tool,0.0,0.0,0.0,0.0,0.0,fingertip_precision
8.81,TRIPOD_THUMB_MIDDLE_CLOSE,middle_tip,true,stylus_tool,0.784,0.0,1.0,0.67,0.8,lower_support
8.81,TRIPOD_THUMB_MIDDLE_CLOSE,ring_tip,false,stylus_tool,0.0,0.0,0.0,0.0,0.0,curled_clearance
8.81,TRIPOD_THUMB_MIDDLE_CLOSE,little_tip,false,stylus_tool,0.0,0.0,0.0,0.0,0.0,curled_clearance
8.86,TRIPOD_THUMB_MIDDLE_CLOSE,thumb_tip,true,stylus_tool,0.736,0.0,1.0,0.67,0.8,primary_opposition
8.86,TRIPOD_THUMB_MIDDLE_CLOSE,index_tip,false,stylus_tool,0.0,0.0,0.0,0.0,0.0,fingertip_precision
8.86,TRIPOD_THUMB_MIDDLE_CLOSE,middle_tip,true,stylus_tool,0.784,0.0,1.0,0.67,0.8,lower_support
8.86,TRIPOD_THUMB_MIDDLE_CLOSE,ring_tip,false,stylus_tool,0.0,0.0,0.0,0.0,0.0,curled_clearance
8.86,TRIPOD_THUMB_MIDDLE_CLOSE,little_tip,false,stylus_tool,0.0,0.0,0.0,0.0,0.0,curled_clearance
8.91,TRIPOD_INDEX_PRECISION_CLOSE,thumb_tip,true,stylus_tool,2.208,0.0,1.0,0.78,2.4,primary_opposition
8.91,TRIPOD_INDEX_PRECISION_CLOSE,index_tip,true,stylus_tool,2.28,0.0,1.0,0.78,2.4,fingertip_precision
8.91,TRIPOD_INDEX_PRECISION_CLOSE,middle_tip,true,stylus_tool,2.352,0.0,1.0,0.78,2.4,lower_support
8.91,TRIPOD_INDEX_PRECISION_CLOSE,ring_tip,false,stylus_tool,0.0,0.0,0.0,0.0,0.0,curled_clearance
8.91,TRIPOD_INDEX_PRECISION_CLOSE,little_tip,false,stylus_tool,0.0,0.0,0.0,0.0,0.0,curled_clearance
8.96,TRIPOD_INDEX_PRECISION_CLOSE,thumb_tip,true,stylus_tool,2.208,0.0,1.0,0.78,2.4,primary_opposition
8.96,TRIPOD_INDEX_PRECISION_CLOSE,index_tip,true,stylus_tool,2.28,0.0,1.0,0.78,2.4,fingertip_precision
8.96,TRIPOD_INDEX_PRECISION_CLOSE,middle_tip,true,stylus_tool,2.352,0.0,1.0,0.78,2.4,lower_support
8.96,TRIPOD_INDEX_PRECISION_CLOSE,ring_tip,false,stylus_tool,0.0,0.0,0.0,0.0,0.0,curled_clearance
8.96,TRIPOD_INDEX_PRECISION_CLOSE,little_tip,false,stylus_tool,0.0,0.0,0.0,0.0,0.0,curled_clearance
9.01,STABLE_GRASP_VERIFY,thumb_tip,true,stylus_tool,2.208,0.0,1.0,0.78,2.4,primary_opposition
9.01,STABLE_GRASP_VERIFY,index_tip,true,stylus_tool,2.28,0.0,1.0,0.78,2.4,fingertip_precision
9.01,STABLE_GRASP_VERIFY,middle_tip,true,stylus_tool,2.352,0.0,1.0,0.78,2.4,lower_support
9.01,STABLE_GRASP_VERIFY,ring_tip,false,stylus_tool,0.0,0.0,0.0,0.0,0.0,curled_clearance
9.01,STABLE_GRASP_VERIFY,little_tip,false,stylus_tool,0.0,0.0,0.0,0.0,0.0,curled_clearance
9.06,STABLE_GRASP_VERIFY,thumb_tip,true,stylus_tool,2.208,0.0,1.0,0.78,2.4,primary_opposition
9.06,STABLE_GRASP_VERIFY,index_tip,true,stylus_tool,2.28,0.0,1.0,0.78,2.4,fingertip_precision
9.06,STABLE_GRASP_VERIFY,middle_tip,true,stylus_tool,2.352,0.0,1.0,0.78,2.4,lower_support
9.06,STABLE_GRASP_VERIFY,ring_tip,false,stylus_tool,0.0,0.0,0.0,0.0,0.0,curled_clearance
9.06,STABLE_GRASP_VERIFY,little_tip,false,stylus_tool,0.0,0.0,0.0,0.0,0.0,curled_clearance
9.11,SECURE_OBJECT,thumb_tip,true,stylus_tool,2.208,0.30413,0.7696,0.78,2.4,primary_opposition
9.11,SECURE_OBJECT,index_tip,true,stylus_tool,2.28,0.33178,0.74865,0.78,2.4,fingertip_precision
9.11,SECURE_OBJECT,middle_tip,true,stylus_tool,2.352,0.35943,0.72771,0.78,2.4,lower_support
9.11,SECURE_OBJECT,ring_tip,false,stylus_tool,0.0,0.0,0.0,0.0,0.0,curled_clearance
9.11,SECURE_OBJECT,little_tip,false,stylus_tool,0.0,0.0,0.0,0.0,0.0,curled_clearance
9.16,SECURE_OBJECT,thumb_tip,true,stylus_tool,2.208,0.30413,0.7696,0.78,2.4,primary_opposition
9.16,SECURE_OBJECT,index_tip,true,stylus_tool,2.28,0.33178,0.74865,0.78,2.4,fingertip_precision
9.16,SECURE_OBJECT,middle_tip,true,stylus_tool,2.352,0.35943,0.72771,0.78,2.4,lower_support
9.16,SECURE_OBJECT,ring_tip,false,stylus_tool,0.0,0.0,0.0,0.0,0.0,curled_clearance
9.16,SECURE_OBJECT,little_tip,false,stylus_tool,0.0,0.0,0.0,0.0,0.0,curled_clearance
9.21,CHECKPOINT_APPROACH,thumb_tip,true,stylus_tool,2.208,0.30528,0.76873,0.78,2.4,primary_opposition
9.21,CHECKPOINT_APPROACH,index_tip,true,stylus_tool,2.28,0.33303,0.7477,0.78,2.4,fingertip_precision
9.21,CHECKPOINT_APPROACH,middle_tip,true,stylus_tool,2.352,0.36078,0.72668,0.78,2.4,lower_support
9.21,CHECKPOINT_APPROACH,ring_tip,false,stylus_tool,0.0,0.0,0.0,0.0,0.0,curled_clearance
9.21,CHECKPOINT_APPROACH,little_tip,false,stylus_tool,0.0,0.0,0.0,0.0,0.0,curled_clearance
9.26,CHECKPOINT_APPROACH,thumb_tip,true,stylus_tool,2.208,0.31559,0.76092,0.78,2.4,primary_opposition
9.26,CHECKPOINT_APPROACH,index_tip,true,stylus_tool,2.28,0.34428,0.73918,0.78,2.4,fingertip_precision
9.26,CHECKPOINT_APPROACH,middle_tip,true,stylus_tool,2.352,0.37297,0.71745,0.78,2.4,lower_support
9.26,CHECKPOINT_APPROACH,ring_tip,false,stylus_tool,0.0,0.0,0.0,0.0,0.0,curled_clearance
9.26,CHECKPOINT_APPROACH,little_tip,false,stylus_tool,0.0,0.0,0.0,0.0,0.0,curled_clearance
9.31,CHECKPOINT_APPROACH,thumb_tip,true,stylus_tool,2.208,0.31961,0.75787,0.78,2.4,primary_opposition
9.31,CHECKPOINT_APPROACH,index_tip,true,stylus_tool,2.28,0.34866,0.73586,0.78,2.4,fingertip_precision
9.31,CHECKPOINT_APPROACH,middle_tip,true,stylus_tool,2.352,0.37772,0.71385,0.78,2.4,lower_support
9.31,CHECKPOINT_APPROACH,ring_tip,false,stylus_tool,0.0,0.0,0.0,0.0,0.0,curled_clearance
9.31,CHECKPOINT_APPROACH,little_tip,false,stylus_tool,0.0,0.0,0.0,0.0,0.0,curled_clearance
9.36,CHECKPOINT_APPROACH,thumb_tip,true,stylus_tool,2.208,0.33978,0.74259,0.78,2.4,primary_opposition
9.36,CHECKPOINT_APPROACH,index_tip,true,stylus_tool,2.28,0.37067,0.71919,0.78,2.4,fingertip_precision
9.36,CHECKPOINT_APPROACH,middle_tip,true,stylus_tool,2.352,0.40156,0.69579,0.78,2.4,lower_support
9.36,CHECKPOINT_APPROACH,ring_tip,false,stylus_tool,0.0,0.0,0.0,0.0,0.0,curled_clearance
9.36,CHECKPOINT_APPROACH,little_tip,false,stylus_tool,0.0,0.0,0.0,0.0,0.0,curled_clearance
9.41,CHECKPOINT_TOUCH,thumb_tip,true,stylus_tool,2.208,0.34087,0.74177,0.78,2.4,primary_opposition
9.41,CHECKPOINT_TOUCH,index_tip,true,stylus_tool,2.28,0.37185,0.71829,0.78,2.4,fingertip_precision
9.41,CHECKPOINT_TOUCH,middle_tip,true,stylus_tool,2.352,0.40284,0.69482,0.78,2.4,lower_support
9.41,CHECKPOINT_TOUCH,ring_tip,false,stylus_tool,0.0,0.0,0.0,0.0,0.0,curled_clearance
9.41,CHECKPOINT_TOUCH,little_tip,false,stylus_tool,0.0,0.0,0.0,0.0,0.0,curled_clearance
9.46,CHECKPOINT_TOUCH,thumb_tip,true,stylus_tool,2.208,0.48415,0.63322,0.78,2.4,primary_opposition
9.46,CHECKPOINT_TOUCH,index_tip,true,stylus_tool,2.28,0.52817,0.59987,0.78,2.4,fingertip_precision
9.46,CHECKPOINT_TOUCH,middle_tip,true,stylus_tool,2.352,0.57218,0.56653,0.78,2.4,lower_support
9.46,CHECKPOINT_TOUCH,ring_tip,false,stylus_tool,0.0,0.0,0.0,0.0,0.0,curled_clearance
9.46,CHECKPOINT_TOUCH,little_tip,false,stylus_tool,0.0,0.0,0.0,0.0,0.0,curled_clearance
9.51,CHECKPOINT_TOUCH,thumb_tip,true,stylus_tool,2.208,0.28505,0.78405,0.78,2.4,primary_opposition
9.51,CHECKPOINT_TOUCH,index_tip,true,stylus_tool,2.28,0.31096,0.76442,0.78,2.4,fingertip_precision
9.51,CHECKPOINT_TOUCH,middle_tip,true,stylus_tool,2.352,0.33687,0.74479,0.78,2.4,lower_support
9.51,CHECKPOINT_TOUCH,ring_tip,false,stylus_tool,0.0,0.0,0.0,0.0,0.0,curled_clearance
9.51,CHECKPOINT_TOUCH,little_tip,false,stylus_tool,0.0,0.0,0.0,0.0,0.0,curled_clearance
9.56,BUTTON_APPROACH,thumb_tip,false,,0.0,0.0,0.0,0.0,0.0,curled_clearance
9.56,BUTTON_APPROACH,index_tip,false,,0.0,0.0,0.0,0.0,0.0,fingertip_precision
9.56,BUTTON_APPROACH,middle_tip,false,,0.0,0.0,0.0,0.0,0.0,curled_clearance
9.56,BUTTON_APPROACH,ring_tip,false,,0.0,0.0,0.0,0.0,0.0,curled_clearance
9.56,BUTTON_APPROACH,little_tip,false,,0.0,0.0,0.0,0.0,0.0,curled_clearance
9.61,BUTTON_APPROACH,thumb_tip,false,,0.0,0.0,0.0,0.0,0.0,curled_clearance
9.61,BUTTON_APPROACH,index_tip,false,,0.0,0.0,0.0,0.0,0.0,fingertip_precision
9.61,BUTTON_APPROACH,middle_tip,false,,0.0,0.0,0.0,0.0,0.0,curled_clearance
9.61,BUTTON_APPROACH,ring_tip,false,,0.0,0.0,0.0,0.0,0.0,curled_clearance
9.61,BUTTON_APPROACH,little_tip,false,,0.0,0.0,0.0,0.0,0.0,curled_clearance
9.66,BUTTON_APPROACH,thumb_tip,false,,0.0,0.0,0.0,0.0,0.0,curled_clearance
9.66,BUTTON_APPROACH,index_tip,false,,0.0,0.0,0.0,0.0,0.0,fingertip_precision
9.66,BUTTON_APPROACH,middle_tip,false,,0.0,0.0,0.0,0.0,0.0,curled_clearance
9.66,BUTTON_APPROACH,ring_tip,false,,0.0,0.0,0.0,0.0,0.0,curled_clearance
9.66,BUTTON_APPROACH,little_tip,false,,0.0,0.0,0.0,0.0,0.0,curled_clearance
9.69,BUTTON_PRESS,thumb_tip,false,,0.0,0.0,0.0,0.0,0.0,curled_clearance
9.69,BUTTON_PRESS,index_tip,true,,0.76,0.0,1.0,0.56,0.8,fingertip_precision
9.69,BUTTON_PRESS,middle_tip,false,,0.0,0.0,0.0,0.0,0.0,curled_clearance
9.69,BUTTON_PRESS,ring_tip,false,,0.0,0.0,0.0,0.0,0.0,curled_clearance
9.69,BUTTON_PRESS,little_tip,false,,0.0,0.0,0.0,0.0,0.0,curled_clearance
9.7,BUTTON_PRESS,thumb_tip,false,,0.0,0.0,0.0,0.0,0.0,curled_clearance
9.7,BUTTON_PRESS,index_tip,true,,0.76,0.0,1.0,0.56,0.8,fingertip_precision
9.7,BUTTON_PRESS,middle_tip,false,,0.0,0.0,0.0,0.0,0.0,curled_clearance
9.7,BUTTON_PRESS,ring_tip,false,,0.0,0.0,0.0,0.0,0.0,curled_clearance
9.7,BUTTON_PRESS,little_tip,false,,0.0,0.0,0.0,0.0,0.0,curled_clearance
9.71,BUTTON_PRESS,thumb_tip,false,,0.0,0.0,0.0,0.0,0.0,curled_clearance
9.71,BUTTON_PRESS,index_tip,true,,0.76,0.0,1.0,0.56,0.8,fingertip_precision
9.71,BUTTON_PRESS,middle_tip,false,,0.0,0.0,0.0,0.0,0.0,curled_clearance
9.71,BUTTON_PRESS,ring_tip,false,,0.0,0.0,0.0,0.0,0.0,curled_clearance
9.71,BUTTON_PRESS,little_tip,false,,0.0,0.0,0.0,0.0,0.0,curled_clearance
9.72,BUTTON_PRESS,thumb_tip,false,,0.0,0.0,0.0,0.0,0.0,curled_clearance
9.72,BUTTON_PRESS,index_tip,true,,0.76,0.0,1.0,0.56,0.8,fingertip_precision
9.72,BUTTON_PRESS,middle_tip,false,,0.0,0.0,0.0,0.0,0.0,curled_clearance
9.72,BUTTON_PRESS,ring_tip,false,,0.0,0.0,0.0,0.0,0.0,curled_clearance
9.72,BUTTON_PRESS,little_tip,false,,0.0,0.0,0.0,0.0,0.0,curled_clearance
9.73,BUTTON_PRESS,thumb_tip,false,,0.0,0.0,0.0,0.0,0.0,curled_clearance
9.73,BUTTON_PRESS,index_tip,true,,0.76,0.0,1.0,0.56,0.8,fingertip_precision
9.73,BUTTON_PRESS,middle_tip,false,,0.0,0.0,0.0,0.0,0.0,curled_clearance
9.73,BUTTON_PRESS,ring_tip,false,,0.0,0.0,0.0,0.0,0.0,curled_clearance
9.73,BUTTON_PRESS,little_tip,false,,0.0,0.0,0.0,0.0,0.0,curled_clearance
9.74,BUTTON_PRESS,thumb_tip,false,,0.0,0.0,0.0,0.0,0.0,curled_clearance
9.74,BUTTON_PRESS,index_tip,true,,0.76,0.0,1.0,0.56,0.8,fingertip_precision
9.74,BUTTON_PRESS,middle_tip,false,,0.0,0.0,0.0,0.0,0.0,curled_clearance
9.74,BUTTON_PRESS,ring_tip,false,,0.0,0.0,0.0,0.0,0.0,curled_clearance
9.74,BUTTON_PRESS,little_tip,false,,0.0,0.0,0.0,0.0,0.0,curled_clearance
9.75,BUTTON_PRESS,thumb_tip,false,,0.0,0.0,0.0,0.0,0.0,curled_clearance
9.75,BUTTON_PRESS,index_tip,true,,0.76,0.0,1.0,0.56,0.8,fingertip_precision
9.75,BUTTON_PRESS,middle_tip,false,,0.0,0.0,0.0,0.0,0.0,curled_clearance
9.75,BUTTON_PRESS,ring_tip,false,,0.0,0.0,0.0,0.0,0.0,curled_clearance
9.75,BUTTON_PRESS,little_tip,false,,0.0,0.0,0.0,0.0,0.0,curled_clearance
9.76,BUTTON_PRESS,thumb_tip,false,,0.0,0.0,0.0,0.0,0.0,curled_clearance
9.76,BUTTON_PRESS,index_tip,true,,0.76,0.0,1.0,0.56,0.8,fingertip_precision
9.76,BUTTON_PRESS,middle_tip,false,,0.0,0.0,0.0,0.0,0.0,curled_clearance
9.76,BUTTON_PRESS,ring_tip,false,,0.0,0.0,0.0,0.0,0.0,curled_clearance
9.76,BUTTON_PRESS,little_tip,false,,0.0,0.0,0.0,0.0,0.0,curled_clearance
9.77,BUTTON_PRESS,thumb_tip,false,,0.0,0.0,0.0,0.0,0.0,curled_clearance
9.77,BUTTON_PRESS,index_tip,true,,0.76,0.0,1.0,0.56,0.8,fingertip_precision
9.77,BUTTON_PRESS,middle_tip,false,,0.0,0.0,0.0,0.0,0.0,curled_clearance
9.77,BUTTON_PRESS,ring_tip,false,,0.0,0.0,0.0,0.0,0.0,curled_clearance
9.77,BUTTON_PRESS,little_tip,false,,0.0,0.0,0.0,0.0,0.0,curled_clearance
9.78,BUTTON_PRESS,thumb_tip,false,,0.0,0.0,0.0,0.0,0.0,curled_clearance
9.78,BUTTON_PRESS,index_tip,true,,0.76,0.0,1.0,0.56,0.8,fingertip_precision
9.78,BUTTON_PRESS,middle_tip,false,,0.0,0.0,0.0,0.0,0.0,curled_clearance
9.78,BUTTON_PRESS,ring_tip,false,,0.0,0.0,0.0,0.0,0.0,curled_clearance
9.78,BUTTON_PRESS,little_tip,false,,0.0,0.0,0.0,0.0,0.0,curled_clearance
9.79,BUTTON_PRESS,thumb_tip,false,,0.0,0.0,0.0,0.0,0.0,curled_clearance
9.79,BUTTON_PRESS,index_tip,true,,0.76,0.0,1.0,0.56,0.8,fingertip_precision
9.79,BUTTON_PRESS,middle_tip,false,,0.0,0.0,0.0,0.0,0.0,curled_clearance
9.79,BUTTON_PRESS,ring_tip,false,,0.0,0.0,0.0,0.0,0.0,curled_clearance
9.79,BUTTON_PRESS,little_tip,false,,0.0,0.0,0.0,0.0,0.0,curled_clearance
9.8,BUTTON_PRESS,thumb_tip,false,,0.0,0.0,0.0,0.0,0.0,curled_clearance
9.8,BUTTON_PRESS,index_tip,true,,0.76,0.0,1.0,0.56,0.8,fingertip_precision
9.8,BUTTON_PRESS,middle_tip,false,,0.0,0.0,0.0,0.0,0.0,curled_clearance
9.8,BUTTON_PRESS,ring_tip,false,,0.0,0.0,0.0,0.0,0.0,curled_clearance
9.8,BUTTON_PRESS,little_tip,false,,0.0,0.0,0.0,0.0,0.0,curled_clearance
9.81,BUTTON_PRESS,thumb_tip,false,,0.0,0.0,0.0,0.0,0.0,curled_clearance
9.81,BUTTON_PRESS,index_tip,true,,0.76,0.0,1.0,0.56,0.8,fingertip_precision
9.81,BUTTON_PRESS,middle_tip,false,,0.0,0.0,0.0,0.0,0.0,curled_clearance
9.81,BUTTON_PRESS,ring_tip,false,,0.0,0.0,0.0,0.0,0.0,curled_clearance
9.81,BUTTON_PRESS,little_tip,false,,0.0,0.0,0.0,0.0,0.0,curled_clearance
9.86,BUTTON_RETRACT,thumb_tip,false,,0.0,0.0,0.0,0.0,0.0,curled_clearance
9.86,BUTTON_RETRACT,index_tip,false,,0.0,0.0,0.0,0.0,0.0,fingertip_precision
9.86,BUTTON_RETRACT,middle_tip,false,,0.0,0.0,0.0,0.0,0.0,curled_clearance
9.86,BUTTON_RETRACT,ring_tip,false,,0.0,0.0,0.0,0.0,0.0,curled_clearance
9.86,BUTTON_RETRACT,little_tip,false,,0.0,0.0,0.0,0.0,0.0,curled_clearance
9.91,BUTTON_RETRACT,thumb_tip,false,,0.0,0.0,0.0,0.0,0.0,curled_clearance
9.91,BUTTON_RETRACT,index_tip,false,,0.0,0.0,0.0,0.0,0.0,fingertip_precision
9.91,BUTTON_RETRACT,middle_tip,false,,0.0,0.0,0.0,0.0,0.0,curled_clearance
9.91,BUTTON_RETRACT,ring_tip,false,,0.0,0.0,0.0,0.0,0.0,curled_clearance
9.91,BUTTON_RETRACT,little_tip,false,,0.0,0.0,0.0,0.0,0.0,curled_clearance
9.96,FINAL_REPORT,thumb_tip,false,,0.0,0.0,0.0,0.0,0.0,opposition_display
9.96,FINAL_REPORT,index_tip,false,,0.0,0.0,0.0,0.0,0.0,open_display
9.96,FINAL_REPORT,middle_tip,false,,0.0,0.0,0.0,0.0,0.0,open_display
9.96,FINAL_REPORT,ring_tip,false,,0.0,0.0,0.0,0.0,0.0,open_display
9.96,FINAL_REPORT,little_tip,false,,0.0,0.0,0.0,0.0,0.0,open_display
10.01,FINAL_REPORT,thumb_tip,false,,0.0,0.0,0.0,0.0,0.0,opposition_display
10.01,FINAL_REPORT,index_tip,false,,0.0,0.0,0.0,0.0,0.0,open_display
10.01,FINAL_REPORT,middle_tip,false,,0.0,0.0,0.0,0.0,0.0,open_display
10.01,FINAL_REPORT,ring_tip,false,,0.0,0.0,0.0,0.0,0.0,open_display
10.01,FINAL_REPORT,little_tip,false,,0.0,0.0,0.0,0.0,0.0,open_display
10.06,FINAL_REPORT,thumb_tip,false,,0.0,0.0,0.0,0.0,0.0,opposition_display
10.06,FINAL_REPORT,index_tip,false,,0.0,0.0,0.0,0.0,0.0,open_display
10.06,FINAL_REPORT,middle_tip,false,,0.0,0.0,0.0,0.0,0.0,open_display
10.06,FINAL_REPORT,ring_tip,false,,0.0,0.0,0.0,0.0,0.0,open_display
10.06,FINAL_REPORT,little_tip,false,,0.0,0.0,0.0,0.0,0.0,open_display
10.11,FINAL_REPORT,thumb_tip,false,,0.0,0.0,0.0,0.0,0.0,opposition_display
10.11,FINAL_REPORT,index_tip,false,,0.0,0.0,0.0,0.0,0.0,open_display
10.11,FINAL_REPORT,middle_tip,false,,0.0,0.0,0.0,0.0,0.0,open_display
10.11,FINAL_REPORT,ring_tip,false,,0.0,0.0,0.0,0.0,0.0,open_display
10.11,FINAL_REPORT,little_tip,false,,0.0,0.0,0.0,0.0,0.0,open_display
10.16,FINAL_REPORT,thumb_tip,false,,0.0,0.0,0.0,0.0,0.0,opposition_display
10.16,FINAL_REPORT,index_tip,false,,0.0,0.0,0.0,0.0,0.0,open_display
10.16,FINAL_REPORT,middle_tip,false,,0.0,0.0,0.0,0.0,0.0,open_display
10.16,FINAL_REPORT,ring_tip,false,,0.0,0.0,0.0,0.0,0.0,open_display
10.16,FINAL_REPORT,little_tip,false,,0.0,0.0,0.0,0.0,0.0,open_display
